step,context,target,count,context_count,numerator,denominator,P,log_P,n,model,seed
1,<s>,it,1709,45412,1709.0,45412.0,0.037633224698317626,-3.2798679831688333,2,MLE,42
2,it,was,1058,7046,1058.0,7046.0,0.15015611694578485,-1.8960797464829382,2,MLE,42
3,was,before,8,7869,8.0,7869.0,0.001016647604524082,-6.891244726855147,2,MLE,42
4,before,the,152,813,152.0,813.0,0.18696186961869618,-1.6768505887015341,2,MLE,42
5,the,<UNK>,1703,55780,1703.0,55780.0,0.030530656149157405,-3.4890239805187915,2,MLE,42
6,<UNK>,level,2,14533,2.0,14533.0,0.0001376178352714512,-8.891030024066225,2,MLE,42
7,level,in,6,179,6.0,179.0,0.0335195530726257,-3.3956263366127,2,MLE,42
8,in,both,49,17145,49.0,17145.0,0.002857976086322543,-5.857641566786394,2,MLE,42
9,both,miss,2,577,2.0,577.0,0.0034662045060658577,-5.664695085948154,2,MLE,42
10,miss,schwarzkopf,2,203,2.0,203.0,0.009852216748768473,-4.620058798481842,2,MLE,42
11,schwarzkopf,and,1,5,1.0,5.0,0.2,-1.6094379124341003,2,MLE,42
12,and,<UNK>,829,23041,829.0,23041.0,0.03597934117442819,-3.324810361510437,2,MLE,42
13,<UNK>,<UNK>,738,14533,738.0,14533.0,0.050780981215165485,-2.980233380025698,2,MLE,42
14,<UNK>,and,1219,14533,1219.0,14533.0,0.0838780705979495,-2.478391075144899,2,MLE,42
15,and,left,19,23041,19.0,23041.0,0.0008246169871099345,-7.100591537479292,2,MLE,42
16,left,foot,1,378,1.0,378.0,0.0026455026455026454,-5.934894195619588,2,MLE,42
17,foot,traveler,1,56,1.0,56.0,0.017857142857142856,-4.02535169073515,2,MLE,42
18,traveler,and,1,5,1.0,5.0,0.2,-1.6094379124341003,2,MLE,42
19,and,repair,1,23041,1.0,23041.0,4.34008940584176e-05,-10.045030516645731,2,MLE,42
20,repair,facilities,1,15,1.0,15.0,0.06666666666666667,-2.70805020110221,2,MLE,42
21,facilities,for,10,78,10.0,78.0,0.1282051282051282,-2.0541237336955462,2,MLE,42
22,for,a,628,7533,628.0,7533.0,0.08336652064250631,-2.484508481357496,2,MLE,42
23,a,joint,7,18547,7.0,18547.0,0.0003774195287647598,-7.882153180833973,2,MLE,42
24,joint,committee,2,36,2.0,36.0,0.05555555555555555,-2.890371757896165,2,MLE,42
25,committee,of,7,136,7.0,136.0,0.051470588235294115,-2.966744736680739,2,MLE,42
26,of,the,7723,29164,7723.0,29164.0,0.26481278288300647,-1.328732182357057,2,MLE,42
27,the,stint,2,55780,2.0,55780.0,3.5855145213338114e-05,-10.236023480621535,2,MLE,42
28,stint,of,1,4,1.0,4.0,0.25,-1.3862943611198906,2,MLE,42
29,of,christendom,1,29164,1.0,29164.0,3.4288849266218623e-05,-10.28069035092632,2,MLE,42
30,christendom,</s>,2,2,2.0,2.0,1.0,0.0,2,MLE,42
1,<s>,somewhere,12,45412,12.0,45412.0,0.00026424733550603366,-8.238625016496425,2,MLE,43
2,somewhere,behind,2,54,2.0,54.0,0.037037037037037035,-3.295836866004329,2,MLE,43
3,behind,that,2,195,2.0,195.0,0.010256410256410256,-4.579852378003801,2,MLE,43
4,that,we,123,8416,123.0,8416.0,0.014615019011406844,-4.225705579605074,2,MLE,43
5,we,seldom,1,2144,1.0,2144.0,0.0004664179104477612,-7.670428522190693,2,MLE,43
6,seldom,moved,1,30,1.0,30.0,0.03333333333333333,-3.4011973816621555,2,MLE,43
7,moved,a,4,137,4.0,137.0,0.029197080291970802,-3.5336865647082343,2,MLE,43
8,a,blind,7,18547,7.0,18547.0,0.0003774195287647598,-7.882153180833973,2,MLE,43
9,blind,alley,1,39,1.0,39.0,0.02564102564102564,-3.6635616461296463,2,MLE,43
10,alley,for,1,7,1.0,7.0,0.14285714285714285,-1.9459101490553135,2,MLE,43
11,for,an,91,7533,91.0,7533.0,0.0120801805389619,-4.416189141308845,2,MLE,43
12,an,extraordinary,6,2982,6.0,2982.0,0.002012072434607646,-6.208590026096629,2,MLE,43
13,extraordinary,effort,1,24,1.0,24.0,0.041666666666666664,-3.1780538303479458,2,MLE,43
14,effort,to,51,113,51.0,113.0,0.45132743362831856,-0.7955621859880149,2,MLE,43
15,to,behave,3,20879,3.0,20879.0,0.0001436850423870875,-8.847886859461266,2,MLE,43
16,behave,in,2,8,2.0,8.0,0.25,-1.3862943611198906,2,MLE,43
17,in,that,125,17145,125.0,17145.0,0.007290755322251386,-4.921148127594719,2,MLE,43
18,that,point,9,8416,9.0,8416.0,0.0010693916349809886,-6.840665357641272,2,MLE,43
19,point,charles,2,308,2.0,308.0,0.006493506493506494,-5.0369526024136295,2,MLE,43
20,charles,<UNK>,13,75,13.0,75.0,0.17333333333333334,-1.7525387560747736,2,MLE,43
21,<UNK>,rapidly,2,14533,2.0,14533.0,0.0001376178352714512,-8.891030024066225,2,MLE,43
22,rapidly,from,1,53,1.0,53.0,0.018867924528301886,-3.970291913552122,2,MLE,43
23,from,squeezing,1,3504,1.0,3504.0,0.00028538812785388126,-8.161660452056282,2,MLE,43
24,squeezing,a,1,3,1.0,3.0,0.3333333333333333,-1.0986122886681098,2,MLE,43
25,a,big,63,18547,63.0,18547.0,0.0033967757588828384,-5.684928603497754,2,MLE,43
26,big,one,4,287,4.0,287.0,0.013937282229965157,-4.273187854639731,2,MLE,43
27,one,another,30,2643,30.0,2643.0,0.011350737797956867,-4.478472532942134,2,MLE,43
28,another,car,3,538,3.0,538.0,0.0055762081784386614,-5.1892462714936745,2,MLE,43
29,car,with,11,216,11.0,216.0,0.05092592592592592,-2.9773831348857946,2,MLE,43
30,with,dependable,1,5920,1.0,5920.0,0.00016891891891891893,-8.68609172787805,2,MLE,43
31,dependable,universe,1,6,1.0,6.0,0.16666666666666666,-1.791759469228055,2,MLE,43
32,universe,is,6,60,6.0,60.0,0.1,-2.3025850929940455,2,MLE,43
33,is,not,423,8111,423.0,8111.0,0.05215139933423746,-2.9536042650240666,2,MLE,43
34,not,very,13,3678,13.0,3678.0,0.0035345296356715608,-5.64517504770273,2,MLE,43
35,very,troubled,1,634,1.0,634.0,0.0015772870662460567,-6.452048954437226,2,MLE,43
36,troubled,time,1,27,1.0,27.0,0.037037037037037035,-3.295836866004329,2,MLE,43
37,time,</s>,191,1300,191.0,1300.0,0.14692307692307693,-1.9178461154029982,2,MLE,43
1,<s>,a,1015,45412,1015.0,45412.0,0.02235092046155201,-3.800887774808537,2,MLE,44
2,a,sudden,11,18547,11.0,18547.0,0.0005930878309160511,-7.430168057090916,2,MLE,44
3,sudden,wave,1,31,1.0,31.0,0.03225806451612903,-3.4339872044851463,2,MLE,44
4,wave,of,12,39,12.0,39.0,0.3076923076923077,-1.1786549963416462,2,MLE,44
5,of,men,64,29164,64.0,29164.0,0.002194486353037992,-6.121807267566649,2,MLE,44
6,men,like,5,612,5.0,612.0,0.008169934640522876,-4.807294370078226,2,MLE,44
7,like,a,200,1037,200.0,1037.0,0.19286403085824494,-1.6457698416814905,2,MLE,44
8,a,child,54,18547,54.0,18547.0,0.002911522079042433,-5.839079283325012,2,MLE,44
9,child,continues,2,175,2.0,175.0,0.011428571428571429,-4.471638793363569,2,MLE,44
10,continues,to,13,37,13.0,37.0,0.35135135135135137,-1.0459685551826876,2,MLE,44
11,to,the,2809,20879,2809.0,20879.0,0.13453709468844294,-2.0059153210251317,2,MLE,44
12,the,united,308,55780,308.0,55780.0,0.00552169236285407,-5.199070878207905,2,MLE,44
13,united,in,1,387,1.0,387.0,0.002583979328165375,-5.958424693029782,2,MLE,44
14,in,</s>,227,17145,227.0,17145.0,0.013240011665208516,-4.324511847415618,2,MLE,44
1,<s>,for,524,45412,524.0,45412.0,0.011538800317096802,-4.4620399819633825,2,MLE,45
2,for,him,94,7533,94.0,7533.0,0.012478428249037568,-4.383753865555691,2,MLE,45
3,him,by,27,2058,27.0,2058.0,0.013119533527696793,-4.333653050389666,2,MLE,45
4,by,the,1097,4229,1097.0,4229.0,0.2593993851974462,-1.3493863771972583,2,MLE,45
5,the,contemporary,12,55780,12.0,55780.0,0.00021513087128002868,-8.44426401139348,2,MLE,45
6,contemporary,scene,2,51,2.0,51.0,0.0392156862745098,-3.2386784521643803,2,MLE,45
7,scene,but,3,80,3.0,80.0,0.0375,-3.283414346005772,2,MLE,45
8,but,that,61,3520,61.0,3520.0,0.017329545454545455,-4.055342404418831,2,MLE,45
9,that,curious,2,8416,2.0,8416.0,0.0002376425855513308,-8.344742754417545,2,MLE,45
10,curious,</s>,4,36,4.0,36.0,0.1111111111111111,-2.1972245773362196,2,MLE,45
1,<s>,although,97,45412,97.0,45412.0,0.0021359992953404387,-6.148820687781042,2,MLE,46
2,although,bob,1,246,1.0,246.0,0.0040650406504065045,-5.5053315359323625,2,MLE,46
3,bob,fogg,7,35,7.0,35.0,0.2,-1.6094379124341003,2,MLE,46
4,fogg,made,1,20,1.0,20.0,0.05,-2.995732273553991,2,MLE,46
5,made,</s>,34,894,34.0,894.0,0.03803131991051454,-3.2693452505573526,2,MLE,46
1,<s>,it,1709,45412,1710.0,67768.0,0.025233148388619998,-3.6795967366146813,2,Laplace,42
2,it,eyebrow,0,7046,1.0,29402.0,3.401129174886062e-05,-10.288817978223912,2,Laplace,42
3,eyebrow,choked,0,3,1.0,22359.0,4.472471935238606e-05,-10.014984203549803,2,Laplace,42
4,choked,sharks,0,6,1.0,22362.0,4.471871925588051e-05,-10.015118368707313,2,Laplace,42
5,sharks,ordering,0,3,1.0,22359.0,4.472471935238606e-05,-10.014984203549803,2,Laplace,42
6,ordering,cavity,0,10,1.0,22366.0,4.4710721631047124e-05,-10.015297227588134,2,Laplace,42
7,cavity,repelled,0,10,1.0,22366.0,4.4710721631047124e-05,-10.015297227588134,2,Laplace,42
8,repelled,smiled,0,3,1.0,22359.0,4.472471935238606e-05,-10.014984203549803,2,Laplace,42
9,smiled,vacuum,0,59,1.0,22415.0,4.461298237787196e-05,-10.01748565658954,2,Laplace,42
10,vacuum,ooze,0,17,1.0,22373.0,4.469673266884191e-05,-10.015610153673077,2,Laplace,42
11,ooze,study,0,2,1.0,22358.0,4.47267197423741e-05,-10.014939477830271,2,Laplace,42
12,study,acrylic,0,194,1.0,22550.0,4.434589800443459e-05,-10.023490344930824,2,Laplace,42
13,acrylic,definitive,0,11,1.0,22367.0,4.470872267179327e-05,-10.01534193731027,2,Laplace,42
14,definitive,knoll,0,5,1.0,22361.0,4.4720719109163274e-05,-10.015073648988146,2,Laplace,42
15,knoll,exacts,0,2,1.0,22358.0,4.47267197423741e-05,-10.014939477830271,2,Laplace,42
16,exacts,keelson,0,2,1.0,22358.0,4.47267197423741e-05,-10.014939477830271,2,Laplace,42
17,keelson,mending,0,10,1.0,22366.0,4.4710721631047124e-05,-10.015297227588134,2,Laplace,42
18,mending,languages,0,3,1.0,22359.0,4.472471935238606e-05,-10.014984203549803,2,Laplace,42
19,languages,avenue,0,32,1.0,22388.0,4.4666785778095405e-05,-10.016280380011251,2,Laplace,42
20,avenue,seal,0,37,1.0,22393.0,4.465681239673112e-05,-10.016503689004832,2,Laplace,42
21,seal,megaton,0,13,1.0,22369.0,4.4704725289463095e-05,-10.015431350758112,2,Laplace,42
22,megaton,hoping,0,2,1.0,22358.0,4.47267197423741e-05,-10.014939477830271,2,Laplace,42
23,hoping,thwarted,0,27,1.0,22383.0,4.4676763615243714e-05,-10.016057021139623,2,Laplace,42
24,thwarted,loyalties,0,3,1.0,22359.0,4.472471935238606e-05,-10.014984203549803,2,Laplace,42
25,loyalties,boots,0,2,1.0,22358.0,4.47267197423741e-05,-10.014939477830271,2,Laplace,42
26,boots,fathers,0,18,1.0,22374.0,4.4694734960221686e-05,-10.015654849406875,2,Laplace,42
27,fathers,bulletins,0,17,1.0,22373.0,4.469673266884191e-05,-10.015610153673077,2,Laplace,42
28,bulletins,chickasaws,0,2,1.0,22358.0,4.47267197423741e-05,-10.014939477830271,2,Laplace,42
29,chickasaws,plate,0,4,1.0,22360.0,4.472271914132379e-05,-10.015028927269036,2,Laplace,42
30,plate,madison,0,15,1.0,22371.0,4.4700728621876533e-05,-10.015520756211904,2,Laplace,42
31,madison,lippmann,0,17,1.0,22373.0,4.469673266884191e-05,-10.015610153673077,2,Laplace,42
32,lippmann,gradient,0,2,1.0,22358.0,4.47267197423741e-05,-10.014939477830271,2,Laplace,42
33,gradient,urbanization,0,12,1.0,22368.0,4.470672389127325e-05,-10.015386645033537,2,Laplace,42
34,urbanization,turnpikes,0,4,1.0,22360.0,4.472271914132379e-05,-10.015028927269036,2,Laplace,42
35,turnpikes,formulaic,0,8,1.0,22364.0,4.471472008585226e-05,-10.015207802146536,2,Laplace,42
36,formulaic,memorable,0,10,1.0,22366.0,4.4710721631047124e-05,-10.015297227588134,2,Laplace,42
37,memorable,understand,0,9,1.0,22365.0,4.47127207690588e-05,-10.015252515866948,2,Laplace,42
38,understand,expenditure,0,106,1.0,22462.0,4.4519633158222776e-05,-10.019580271522981,2,Laplace,42
39,expenditure,behaviour,0,9,1.0,22365.0,4.47127207690588e-05,-10.015252515866948,2,Laplace,42
40,behaviour,argiento,0,3,1.0,22359.0,4.472471935238606e-05,-10.014984203549803,2,Laplace,42
1,<s>,somewhere,12,45412,13.0,67768.0,0.00019183095266202336,-8.55889602864985,2,Laplace,43
2,somewhere,poverty,0,54,1.0,22410.0,4.462293618920125e-05,-10.017262566794972,2,Laplace,43
3,poverty,chairs,0,18,1.0,22374.0,4.4694734960221686e-05,-10.015654849406875,2,Laplace,43
4,chairs,reflects,0,20,1.0,22376.0,4.46907400786557e-05,-10.015744234881796,2,Laplace,43
5,reflects,revulsion,0,22,1.0,22378.0,4.468674591116275e-05,-10.015833612367667,2,Laplace,43
6,revulsion,marshal,0,10,1.0,22366.0,4.4710721631047124e-05,-10.015297227588134,2,Laplace,43
7,marshal,shibboleth,0,21,1.0,22377.0,4.468874290566207e-05,-10.015788924623273,2,Laplace,43
8,shibboleth,paris,0,2,1.0,22358.0,4.47267197423741e-05,-10.014939477830271,2,Laplace,43
9,paris,bend,0,52,1.0,22408.0,4.4626918957515175e-05,-10.017173316939944,2,Laplace,43
10,bend,conditioned,0,20,1.0,22376.0,4.46907400786557e-05,-10.015744234881796,2,Laplace,43
11,conditioned,certification,0,15,1.0,22371.0,4.4700728621876533e-05,-10.015520756211904,2,Laplace,43
12,certification,recourse,0,3,1.0,22359.0,4.472471935238606e-05,-10.014984203549803,2,Laplace,43
13,recourse,minuteman,0,4,1.0,22360.0,4.472271914132379e-05,-10.015028927269036,2,Laplace,43
14,minuteman,reproduces,0,2,1.0,22358.0,4.47267197423741e-05,-10.014939477830271,2,Laplace,43
15,reproduces,dives,0,2,1.0,22358.0,4.47267197423741e-05,-10.014939477830271,2,Laplace,43
16,dives,baptism,0,4,1.0,22360.0,4.472271914132379e-05,-10.015028927269036,2,Laplace,43
17,baptism,downs,0,2,1.0,22358.0,4.47267197423741e-05,-10.014939477830271,2,Laplace,43
18,downs,deserve,0,2,1.0,22358.0,4.47267197423741e-05,-10.014939477830271,2,Laplace,43
19,deserve,brotherhood,0,8,1.0,22364.0,4.471472008585226e-05,-10.015207802146536,2,Laplace,43
20,brotherhood,choreographers,0,5,1.0,22361.0,4.4720719109163274e-05,-10.015073648988146,2,Laplace,43
21,choreographers,stopping,0,3,1.0,22359.0,4.472471935238606e-05,-10.014984203549803,2,Laplace,43
22,stopping,vacationing,0,11,1.0,22367.0,4.470872267179327e-05,-10.01534193731027,2,Laplace,43
23,vacationing,celebrated,0,2,1.0,22358.0,4.47267197423741e-05,-10.014939477830271,2,Laplace,43
24,celebrated,politely,0,12,1.0,22368.0,4.470672389127325e-05,-10.015386645033537,2,Laplace,43
25,politely,jessie,0,8,1.0,22364.0,4.471472008585226e-05,-10.015207802146536,2,Laplace,43
26,jessie,watercolor,0,2,1.0,22358.0,4.47267197423741e-05,-10.014939477830271,2,Laplace,43
27,watercolor,desserts,0,12,1.0,22368.0,4.470672389127325e-05,-10.015386645033537,2,Laplace,43
28,desserts,bums,0,2,1.0,22358.0,4.47267197423741e-05,-10.014939477830271,2,Laplace,43
29,bums,barnumville,0,2,1.0,22358.0,4.47267197423741e-05,-10.014939477830271,2,Laplace,43
30,barnumville,granting,0,4,1.0,22360.0,4.472271914132379e-05,-10.015028927269036,2,Laplace,43
31,granting,doubtfully,0,6,1.0,22362.0,4.471871925588051e-05,-10.015118368707313,2,Laplace,43
32,doubtfully,boss,0,2,1.0,22358.0,4.47267197423741e-05,-10.014939477830271,2,Laplace,43
33,boss,siebern,0,20,1.0,22376.0,4.46907400786557e-05,-10.015744234881796,2,Laplace,43
34,siebern,hump,0,3,1.0,22359.0,4.472471935238606e-05,-10.014984203549803,2,Laplace,43
35,hump,loyal,0,2,1.0,22358.0,4.47267197423741e-05,-10.014939477830271,2,Laplace,43
36,loyal,auditions,0,16,1.0,22372.0,4.469873055605221e-05,-10.015565455941479,2,Laplace,43
37,auditions,observational,0,2,1.0,22358.0,4.47267197423741e-05,-10.014939477830271,2,Laplace,43
38,observational,cable,0,4,1.0,22360.0,4.472271914132379e-05,-10.015028927269036,2,Laplace,43
39,cable,unplowed,0,5,1.0,22361.0,4.4720719109163274e-05,-10.015073648988146,2,Laplace,43
40,unplowed,waxed,0,2,1.0,22358.0,4.47267197423741e-05,-10.014939477830271,2,Laplace,43
1,<s>,a,1015,45412,1016.0,67768.0,0.014992326761893519,-4.200216757972959,2,Laplace,44
2,a,discriminating,1,18547,2.0,40903.0,4.889616898516001e-05,-9.925811508414247,2,Laplace,44
3,discriminating,historical,0,6,1.0,22362.0,4.471871925588051e-05,-10.015118368707313,2,Laplace,44
4,historical,commentary,0,55,1.0,22411.0,4.462094507161662e-05,-10.017307188735588,2,Laplace,44
5,commentary,chemicals,0,7,1.0,22363.0,4.47167195814515e-05,-10.015163086426718,2,Laplace,44
6,chemicals,revived,0,4,1.0,22360.0,4.472271914132379e-05,-10.015028927269036,2,Laplace,44
7,revived,immigrants,0,6,1.0,22362.0,4.471871925588051e-05,-10.015118368707313,2,Laplace,44
8,immigrants,meeting,0,8,1.0,22364.0,4.471472008585226e-05,-10.015207802146536,2,Laplace,44
9,meeting,whitman,0,125,1.0,22481.0,4.448200702815711e-05,-10.02042578700401,2,Laplace,44
10,whitman,break,0,2,1.0,22358.0,4.47267197423741e-05,-10.014939477830271,2,Laplace,44
11,break,hearsay,0,67,1.0,22423.0,4.459706551308924e-05,-10.01784249677353,2,Laplace,44
12,hearsay,cocteau,0,2,1.0,22358.0,4.47267197423741e-05,-10.014939477830271,2,Laplace,44
13,cocteau,strut,0,2,1.0,22358.0,4.47267197423741e-05,-10.014939477830271,2,Laplace,44
14,strut,inordinately,0,3,1.0,22359.0,4.472471935238606e-05,-10.014984203549803,2,Laplace,44
15,inordinately,tracking,0,2,1.0,22358.0,4.47267197423741e-05,-10.014939477830271,2,Laplace,44
16,tracking,hitch,0,3,1.0,22359.0,4.472471935238606e-05,-10.014984203549803,2,Laplace,44
17,hitch,minerva,0,4,1.0,22360.0,4.472271914132379e-05,-10.015028927269036,2,Laplace,44
18,minerva,prose,0,2,1.0,22358.0,4.47267197423741e-05,-10.014939477830271,2,Laplace,44
19,prose,dressed,0,12,1.0,22368.0,4.470672389127325e-05,-10.015386645033537,2,Laplace,44
20,dressed,frayne,0,30,1.0,22386.0,4.467077637809345e-05,-10.016191042449213,2,Laplace,44
21,frayne,avenue,0,3,1.0,22359.0,4.472471935238606e-05,-10.014984203549803,2,Laplace,44
22,avenue,yearnings,0,37,1.0,22393.0,4.465681239673112e-05,-10.016503689004832,2,Laplace,44
23,yearnings,assuming,0,2,1.0,22358.0,4.47267197423741e-05,-10.014939477830271,2,Laplace,44
24,assuming,verification,0,16,1.0,22372.0,4.469873055605221e-05,-10.015565455941479,2,Laplace,44
25,verification,manometer,0,2,1.0,22358.0,4.47267197423741e-05,-10.014939477830271,2,Laplace,44
26,manometer,tries,0,5,1.0,22361.0,4.4720719109163274e-05,-10.015073648988146,2,Laplace,44
27,tries,sense,0,10,1.0,22366.0,4.4710721631047124e-05,-10.015297227588134,2,Laplace,44
28,sense,quantities,0,247,1.0,22603.0,4.4241914790072115e-05,-10.025837919813588,2,Laplace,44
29,quantities,launch,0,9,1.0,22365.0,4.47127207690588e-05,-10.015252515866948,2,Laplace,44
30,launch,averell,0,7,1.0,22363.0,4.47167195814515e-05,-10.015163086426718,2,Laplace,44
31,averell,administering,0,2,1.0,22358.0,4.47267197423741e-05,-10.014939477830271,2,Laplace,44
32,administering,agreed,0,4,1.0,22360.0,4.472271914132379e-05,-10.015028927269036,2,Laplace,44
33,agreed,tacked,0,66,1.0,22422.0,4.45990545000446e-05,-10.017797898713539,2,Laplace,44
34,tacked,seventeen,0,2,1.0,22358.0,4.47267197423741e-05,-10.014939477830271,2,Laplace,44
35,seventeen,liveliness,0,18,1.0,22374.0,4.4694734960221686e-05,-10.015654849406875,2,Laplace,44
36,liveliness,negotiated,0,2,1.0,22358.0,4.47267197423741e-05,-10.014939477830271,2,Laplace,44
37,negotiated,knives,0,5,1.0,22361.0,4.4720719109163274e-05,-10.015073648988146,2,Laplace,44
38,knives,face,0,6,1.0,22362.0,4.471871925588051e-05,-10.015118368707313,2,Laplace,44
39,face,besides,0,296,1.0,22652.0,4.414621225498852e-05,-10.028003427233696,2,Laplace,44
40,besides,band,0,57,1.0,22413.0,4.461696336947308e-05,-10.017396426643911,2,Laplace,44
1,<s>,for,524,45412,525.0,67768.0,0.0077470192421201746,-4.860447123519763,2,Laplace,45
2,for,him,94,7533,95.0,29889.0,0.003178426845996855,-5.751368907112425,2,Laplace,45
3,him,by,27,2058,28.0,24414.0,0.0011468829360203163,-6.770707507054541,2,Laplace,45
4,by,communal,0,4229,1.0,26585.0,3.761519653940192e-05,-10.188102425938439,2,Laplace,45
5,communal,utilizing,0,3,1.0,22359.0,4.472471935238606e-05,-10.014984203549803,2,Laplace,45
6,utilizing,toxic,0,5,1.0,22361.0,4.4720719109163274e-05,-10.015073648988146,2,Laplace,45
7,toxic,grocery,0,2,1.0,22358.0,4.47267197423741e-05,-10.014939477830271,2,Laplace,45
8,grocery,dashing,0,7,1.0,22363.0,4.47167195814515e-05,-10.015163086426718,2,Laplace,45
9,dashing,overthrown,0,4,1.0,22360.0,4.472271914132379e-05,-10.015028927269036,2,Laplace,45
10,overthrown,ninety,0,3,1.0,22359.0,4.472471935238606e-05,-10.014984203549803,2,Laplace,45
11,ninety,belong,0,7,1.0,22363.0,4.47167195814515e-05,-10.015163086426718,2,Laplace,45
12,belong,dignified,0,27,1.0,22383.0,4.4676763615243714e-05,-10.016057021139623,2,Laplace,45
13,dignified,live,0,4,1.0,22360.0,4.472271914132379e-05,-10.015028927269036,2,Laplace,45
14,live,inter,0,141,1.0,22497.0,4.445037116059919e-05,-10.021137245969499,2,Laplace,45
15,inter,carleton,0,2,1.0,22358.0,4.47267197423741e-05,-10.014939477830271,2,Laplace,45
16,carleton,itemized,0,19,1.0,22375.0,4.46927374301676e-05,-10.015699543143056,2,Laplace,45
17,itemized,minuet,0,2,1.0,22358.0,4.47267197423741e-05,-10.014939477830271,2,Laplace,45
18,minuet,saving,0,2,1.0,22358.0,4.47267197423741e-05,-10.014939477830271,2,Laplace,45
19,saving,troubling,0,18,1.0,22374.0,4.4694734960221686e-05,-10.015654849406875,2,Laplace,45
20,troubling,unions,0,2,1.0,22358.0,4.47267197423741e-05,-10.014939477830271,2,Laplace,45
21,unions,warwick,0,22,1.0,22378.0,4.468674591116275e-05,-10.015833612367667,2,Laplace,45
22,warwick,masterpieces,0,18,1.0,22374.0,4.4694734960221686e-05,-10.015654849406875,2,Laplace,45
23,masterpieces,levy,0,2,1.0,22358.0,4.47267197423741e-05,-10.014939477830271,2,Laplace,45
24,levy,alertness,0,6,1.0,22362.0,4.471871925588051e-05,-10.015118368707313,2,Laplace,45
25,alertness,torrence,0,2,1.0,22358.0,4.47267197423741e-05,-10.014939477830271,2,Laplace,45
26,torrence,equating,0,2,1.0,22358.0,4.47267197423741e-05,-10.014939477830271,2,Laplace,45
27,equating,mental,0,2,1.0,22358.0,4.47267197423741e-05,-10.014939477830271,2,Laplace,45
28,mental,plunder,0,39,1.0,22395.0,4.465282429113641e-05,-10.0165929986414,2,Laplace,45
29,plunder,slugged,0,2,1.0,22358.0,4.47267197423741e-05,-10.014939477830271,2,Laplace,45
30,slugged,richert,0,2,1.0,22358.0,4.47267197423741e-05,-10.014939477830271,2,Laplace,45
31,richert,apples,0,3,1.0,22359.0,4.472471935238606e-05,-10.014984203549803,2,Laplace,45
32,apples,seventh,0,4,1.0,22360.0,4.472271914132379e-05,-10.015028927269036,2,Laplace,45
33,seventh,rookie,0,21,1.0,22377.0,4.468874290566207e-05,-10.015788924623273,2,Laplace,45
34,rookie,instruments,0,6,1.0,22362.0,4.471871925588051e-05,-10.015118368707313,2,Laplace,45
35,instruments,doctors,0,19,1.0,22375.0,4.46927374301676e-05,-10.015699543143056,2,Laplace,45
36,doctors,harness,0,25,1.0,22381.0,4.468075599839149e-05,-10.01596766362013,2,Laplace,45
37,harness,chopped,0,10,1.0,22366.0,4.4710721631047124e-05,-10.015297227588134,2,Laplace,45
38,chopped,squarely,0,3,1.0,22359.0,4.472471935238606e-05,-10.014984203549803,2,Laplace,45
39,squarely,tight,0,11,1.0,22367.0,4.470872267179327e-05,-10.01534193731027,2,Laplace,45
40,tight,peak,0,19,1.0,22375.0,4.46927374301676e-05,-10.015699543143056,2,Laplace,45
1,<s>,mystics,0,45412,1.0,67768.0,1.4756227127847951e-05,-11.123845386111388,2,Laplace,46
2,mystics,stressed,0,3,1.0,22359.0,4.472471935238606e-05,-10.014984203549803,2,Laplace,46
3,stressed,favoritism,0,18,1.0,22374.0,4.4694734960221686e-05,-10.015654849406875,2,Laplace,46
4,favoritism,dairy,0,4,1.0,22360.0,4.472271914132379e-05,-10.015028927269036,2,Laplace,46
5,dairy,argued,0,17,1.0,22373.0,4.469673266884191e-05,-10.015610153673077,2,Laplace,46
6,argued,interaction,0,20,1.0,22376.0,4.46907400786557e-05,-10.015744234881796,2,Laplace,46
7,interaction,become,0,12,1.0,22368.0,4.470672389127325e-05,-10.015386645033537,2,Laplace,46
8,become,convincing,0,286,1.0,22642.0,4.416570974295557e-05,-10.027561867638054,2,Laplace,46
9,convincing,housing,0,10,1.0,22366.0,4.4710721631047124e-05,-10.015297227588134,2,Laplace,46
10,housing,catholic,0,46,1.0,22402.0,4.463887152932774e-05,-10.016905519571685,2,Laplace,46
11,catholic,psychiatric,0,70,1.0,22426.0,4.459109961651654e-05,-10.017976279020827,2,Laplace,46
12,psychiatric,probing,0,3,1.0,22359.0,4.472471935238606e-05,-10.014984203549803,2,Laplace,46
13,probing,brevity,0,5,1.0,22361.0,4.4720719109163274e-05,-10.015073648988146,2,Laplace,46
14,brevity,shaft,0,2,1.0,22358.0,4.47267197423741e-05,-10.014939477830271,2,Laplace,46
15,shaft,papal,0,9,1.0,22365.0,4.47127207690588e-05,-10.015252515866948,2,Laplace,46
16,papal,reproach,0,7,1.0,22363.0,4.47167195814515e-05,-10.015163086426718,2,Laplace,46
17,reproach,gymnasts,0,3,1.0,22359.0,4.472471935238606e-05,-10.014984203549803,2,Laplace,46
18,gymnasts,summation,0,2,1.0,22358.0,4.47267197423741e-05,-10.014939477830271,2,Laplace,46
19,summation,bookies,0,2,1.0,22358.0,4.47267197423741e-05,-10.014939477830271,2,Laplace,46
20,bookies,positively,0,3,1.0,22359.0,4.472471935238606e-05,-10.014984203549803,2,Laplace,46
21,positively,dollar,0,5,1.0,22361.0,4.4720719109163274e-05,-10.015073648988146,2,Laplace,46
22,dollar,livelihood,0,37,1.0,22393.0,4.465681239673112e-05,-10.016503689004832,2,Laplace,46
23,livelihood,encampment,0,4,1.0,22360.0,4.472271914132379e-05,-10.015028927269036,2,Laplace,46
24,encampment,stipulates,0,2,1.0,22358.0,4.47267197423741e-05,-10.014939477830271,2,Laplace,46
25,stipulates,tendency,0,2,1.0,22358.0,4.47267197423741e-05,-10.014939477830271,2,Laplace,46
26,tendency,worldly,0,37,1.0,22393.0,4.465681239673112e-05,-10.016503689004832,2,Laplace,46
27,worldly,heights,0,7,1.0,22363.0,4.47167195814515e-05,-10.015163086426718,2,Laplace,46
28,heights,manifestly,0,18,1.0,22374.0,4.4694734960221686e-05,-10.015654849406875,2,Laplace,46
29,manifestly,magoun,0,5,1.0,22361.0,4.4720719109163274e-05,-10.015073648988146,2,Laplace,46
30,magoun,wanton,0,2,1.0,22358.0,4.47267197423741e-05,-10.014939477830271,2,Laplace,46
31,wanton,steward,0,3,1.0,22359.0,4.472471935238606e-05,-10.014984203549803,2,Laplace,46
32,steward,servo,0,2,1.0,22358.0,4.47267197423741e-05,-10.014939477830271,2,Laplace,46
33,servo,morley,0,4,1.0,22360.0,4.472271914132379e-05,-10.015028927269036,2,Laplace,46
34,morley,kennings,0,2,1.0,22358.0,4.47267197423741e-05,-10.014939477830271,2,Laplace,46
35,kennings,ably,0,9,1.0,22365.0,4.47127207690588e-05,-10.015252515866948,2,Laplace,46
36,ably,dosages,0,2,1.0,22358.0,4.47267197423741e-05,-10.014939477830271,2,Laplace,46
37,dosages,negate,0,3,1.0,22359.0,4.472471935238606e-05,-10.014984203549803,2,Laplace,46
38,negate,anatomical,0,2,1.0,22358.0,4.47267197423741e-05,-10.014939477830271,2,Laplace,46
39,anatomical,arts,0,6,1.0,22362.0,4.471871925588051e-05,-10.015118368707313,2,Laplace,46
40,arts,finer,0,54,1.0,22410.0,4.462293618920125e-05,-10.017262566794972,2,Laplace,46
1,<s> <s>,it,1709,45412,1709.0,45412.0,0.037633224698317626,-3.2798679831688333,3,MLE,42
2,<s> it,was,467,1709,467.0,1709.0,0.2732592159157402,-1.2973344254466936,3,MLE,42
3,it was,close,1,1058,1.0,1058.0,0.000945179584120983,-6.964135612418245,3,MLE,42
4,was close,to,3,8,3.0,8.0,0.375,-0.9808292530117262,3,MLE,42
5,close to,being,2,59,2.0,59.0,0.03389830508474576,-3.3843902633457743,3,MLE,42
6,to being,social,1,11,1.0,11.0,0.09090909090909091,-2.3978952727983707,3,MLE,42
7,being social,leaders,1,1,1.0,1.0,1.0,0.0,3,MLE,42
8,social leaders,and,1,1,1.0,1.0,1.0,0.0,3,MLE,42
9,leaders and,in,1,5,1.0,5.0,0.2,-1.6094379124341003,3,MLE,42
10,and in,the,89,308,89.0,308.0,0.288961038961039,-1.2414634132414346,3,MLE,42
11,in the,biography,1,4880,1.0,4880.0,0.00020491803278688525,-8.492900498847193,3,MLE,42
12,the biography,diffuse,1,3,1.0,3.0,0.3333333333333333,-1.0986122886681098,3,MLE,42
13,biography diffuse,help,1,1,1.0,1.0,1.0,0.0,3,MLE,42
14,diffuse help,to,1,1,1.0,1.0,1.0,0.0,3,MLE,42
15,help to,his,1,17,1.0,17.0,0.058823529411764705,-2.833213344056216,3,MLE,42
16,to his,italian,1,255,1.0,255.0,0.00392156862745098,-5.541263545158426,3,MLE,42
17,his italian,<UNK>,1,3,1.0,3.0,0.3333333333333333,-1.0986122886681098,3,MLE,42
18,italian <UNK>,</s>,3,4,3.0,4.0,0.75,-0.2876820724517809,3,MLE,42
1,<s> <s>,somewhere,12,45412,12.0,45412.0,0.00026424733550603366,-8.238625016496425,3,MLE,43
2,<s> somewhere,birds,1,12,1.0,12.0,0.08333333333333333,-2.4849066497880004,3,MLE,43
3,somewhere birds,were,1,1,1.0,1.0,1.0,0.0,3,MLE,43
4,birds were,<UNK>,1,6,1.0,6.0,0.16666666666666666,-1.791759469228055,3,MLE,43
5,were <UNK>,by,5,60,5.0,60.0,0.08333333333333333,-2.4849066497880004,3,MLE,43
6,<UNK> by,lighting,1,151,1.0,151.0,0.006622516556291391,-5.017279836814924,3,MLE,43
7,by lighting,</s>,1,1,1.0,1.0,1.0,0.0,3,MLE,43
1,<s> <s>,a,1015,45412,1015.0,45412.0,0.02235092046155201,-3.800887774808537,3,MLE,44
2,<s> a,change,1,1015,1.0,1015.0,0.0009852216748768472,-6.922643891475888,3,MLE,44
3,a change,in,7,24,7.0,24.0,0.2916666666666667,-1.2321436812926323,3,MLE,44
4,change in,the,12,30,12.0,30.0,0.4,-0.916290731874155,3,MLE,44
5,in the,rear,3,4880,3.0,4880.0,0.0006147540983606558,-7.394288210179083,3,MLE,44
6,the rear,end,2,27,2.0,27.0,0.07407407407407407,-2.6026896854443837,3,MLE,44
7,rear end,was,1,5,1.0,5.0,0.2,-1.6094379124341003,3,MLE,44
8,end was,as,1,2,1.0,2.0,0.5,-0.6931471805599453,3,MLE,44
9,was as,if,5,37,5.0,37.0,0.13513513513513514,-2.001480000210124,3,MLE,44
10,as if,they,17,124,17.0,124.0,0.13709677419354838,-1.987068221548821,3,MLE,44
11,if they,were,15,89,15.0,89.0,0.16853932584269662,-1.7805861686299298,3,MLE,44
12,they were,doing,4,335,4.0,335.0,0.011940298507462687,-4.427836170705175,3,MLE,44
13,were doing,our,1,14,1.0,14.0,0.07142857142857142,-2.639057329615259,3,MLE,44
14,doing our,best,1,2,1.0,2.0,0.5,-0.6931471805599453,3,MLE,44
15,our best,new,1,2,1.0,2.0,0.5,-0.6931471805599453,3,MLE,44
16,best new,england,1,1,1.0,1.0,1.0,0.0,3,MLE,44
17,new england,but,1,38,1.0,38.0,0.02631578947368421,-3.6375861597263857,3,MLE,44
18,england but,roughly,1,2,1.0,2.0,0.5,-0.6931471805599453,3,MLE,44
19,but roughly,only,1,1,1.0,1.0,1.0,0.0,3,MLE,44
20,roughly only,a,1,1,1.0,1.0,1.0,0.0,3,MLE,44
21,only a,few,30,125,30.0,125.0,0.24,-1.4271163556401458,3,MLE,44
22,a few,moments,7,302,7.0,302.0,0.023178807947019868,-3.7645168683195562,3,MLE,44
23,few moments,before,2,7,2.0,7.0,0.2857142857142857,-1.252762968495368,3,MLE,44
24,moments before,and,1,2,1.0,2.0,0.5,-0.6931471805599453,3,MLE,44
25,before and,the,3,27,3.0,27.0,0.1111111111111111,-2.1972245773362196,3,MLE,44
26,and the,moral,1,1850,1.0,1850.0,0.0005405405405405405,-7.52294091807237,3,MLE,44
27,the moral,and,4,33,4.0,33.0,0.12121212121212122,-2.1102132003465894,3,MLE,44
28,moral and,spiritual,1,10,1.0,10.0,0.1,-2.3025850929940455,3,MLE,44
29,and spiritual,awakening,1,10,1.0,10.0,0.1,-2.3025850929940455,3,MLE,44
30,spiritual awakening,of,1,1,1.0,1.0,1.0,0.0,3,MLE,44
31,awakening of,an,1,1,1.0,1.0,1.0,0.0,3,MLE,44
32,of an,autistic,2,226,2.0,226.0,0.008849557522123894,-4.727387818712341,3,MLE,44
33,an autistic,child,2,2,2.0,2.0,1.0,0.0,3,MLE,44
34,autistic child,who,1,3,1.0,3.0,0.3333333333333333,-1.0986122886681098,3,MLE,44
35,child who,is,2,9,2.0,9.0,0.2222222222222222,-1.5040773967762742,3,MLE,44
36,who is,this,2,78,2.0,78.0,0.02564102564102564,-3.6635616461296463,3,MLE,44
37,is this,</s>,3,36,3.0,36.0,0.08333333333333333,-2.4849066497880004,3,MLE,44
1,<s> <s>,for,524,45412,524.0,45412.0,0.011538800317096802,-4.4620399819633825,3,MLE,45
2,<s> for,if,7,524,7.0,524.0,0.013358778625954198,-4.3155815352657285,3,MLE,45
3,for if,i,1,11,1.0,11.0,0.09090909090909091,-2.3978952727983707,3,MLE,45
4,if i,had,6,86,6.0,86.0,0.06976744186046512,-2.662587827025453,3,MLE,45
5,i had,plenty,1,187,1.0,187.0,0.0053475935828877,-5.231108616854587,3,MLE,45
6,had plenty,status,1,5,1.0,5.0,0.2,-1.6094379124341003,3,MLE,45
7,plenty status,at,1,1,1.0,1.0,1.0,0.0,3,MLE,45
8,status at,the,1,1,1.0,1.0,1.0,0.0,3,MLE,45
9,at the,floor,3,1291,3.0,1291.0,0.0023237800154918666,-6.0645601021785325,3,MLE,45
10,the floor,these,1,61,1.0,61.0,0.01639344262295082,-4.110873864173311,3,MLE,45
11,floor these,can,1,1,1.0,1.0,1.0,0.0,3,MLE,45
12,these can,be,3,4,3.0,4.0,0.75,-0.2876820724517809,3,MLE,45
13,can be,changed,1,392,1.0,392.0,0.002551020408163265,-5.971261839790462,3,MLE,45
14,be changed,without,1,6,1.0,6.0,0.16666666666666666,-1.791759469228055,3,MLE,45
15,changed without,<UNK>,1,1,1.0,1.0,1.0,0.0,3,MLE,45
16,without <UNK>,rupture,1,18,1.0,18.0,0.05555555555555555,-2.890371757896165,3,MLE,45
17,<UNK> rupture,intermittently,1,1,1.0,1.0,1.0,0.0,3,MLE,45
18,rupture intermittently,occurs,1,1,1.0,1.0,1.0,0.0,3,MLE,45
19,intermittently occurs,along,1,1,1.0,1.0,1.0,0.0,3,MLE,45
20,occurs along,the,2,2,2.0,2.0,1.0,0.0,3,MLE,45
21,along the,roof,1,97,1.0,97.0,0.010309278350515464,-4.574710978503383,3,MLE,45
22,the roof,of,5,31,5.0,31.0,0.16129032258064516,-1.824549292051046,3,MLE,45
23,roof of,the,3,7,3.0,7.0,0.42857142857142855,-0.8472978603872037,3,MLE,45
24,of the,house,43,7723,43.0,7723.0,0.0055677845396866505,-5.190758052875702,3,MLE,45
25,the house,ahead,1,174,1.0,174.0,0.005747126436781609,-5.159055299214529,3,MLE,45
26,house ahead,of,1,1,1.0,1.0,1.0,0.0,3,MLE,45
27,ahead of,him,3,26,3.0,26.0,0.11538461538461539,-2.159484249353372,3,MLE,45
28,of him,or,1,63,1.0,63.0,0.015873015873015872,-4.143134726391533,3,MLE,45
29,him or,speak,1,8,1.0,8.0,0.125,-2.0794415416798357,3,MLE,45
30,or speak,to,1,1,1.0,1.0,1.0,0.0,3,MLE,45
31,speak to,whitey,1,16,1.0,16.0,0.0625,-2.772588722239781,3,MLE,45
32,to whitey,</s>,1,2,1.0,2.0,0.5,-0.6931471805599453,3,MLE,45
1,<s> <s>,although,97,45412,97.0,45412.0,0.0021359992953404387,-6.148820687781042,3,MLE,46
2,<s> although,no,1,97,1.0,97.0,0.010309278350515464,-4.574710978503383,3,MLE,46
3,although no,national,1,2,1.0,2.0,0.5,-0.6931471805599453,3,MLE,46
4,no national,norms,1,1,1.0,1.0,1.0,0.0,3,MLE,46
5,national norms,exist,1,1,1.0,1.0,1.0,0.0,3,MLE,46
6,norms exist,for,1,1,1.0,1.0,1.0,0.0,3,MLE,46
7,exist for,achieving,1,2,1.0,2.0,0.5,-0.6931471805599453,3,MLE,46
8,for achieving,his,1,2,1.0,2.0,0.5,-0.6931471805599453,3,MLE,46
9,achieving his,aim,1,1,1.0,1.0,1.0,0.0,3,MLE,46
10,his aim,was,1,2,1.0,2.0,0.5,-0.6931471805599453,3,MLE,46
11,aim was,to,1,2,1.0,2.0,0.5,-0.6931471805599453,3,MLE,46
12,was to,take,4,158,4.0,158.0,0.02531645569620253,-3.676300671907076,3,MLE,46
13,to take,place,6,161,6.0,161.0,0.037267080745341616,-3.289644895756408,3,MLE,46
14,take place,in,8,22,8.0,22.0,0.36363636363636365,-1.0116009116784799,3,MLE,46
15,place in,its,1,47,1.0,47.0,0.02127659574468085,-3.8501476017100584,3,MLE,46
16,in its,entirety,3,147,3.0,147.0,0.02040816326530612,-3.891820298110627,3,MLE,46
17,its entirety,at,1,3,1.0,3.0,0.3333333333333333,-1.0986122886681098,3,MLE,46
18,entirety at,a,1,1,1.0,1.0,1.0,0.0,3,MLE,46
19,at a,new,2,227,2.0,227.0,0.00881057268722467,-4.7318028369214575,3,MLE,46
20,a new,henry,1,234,1.0,234.0,0.004273504273504274,-5.455321115357702,3,MLE,46
21,new henry,james,1,2,1.0,2.0,0.5,-0.6931471805599453,3,MLE,46
22,henry james,the,1,6,1.0,6.0,0.16666666666666666,-1.791759469228055,3,MLE,46
23,james the,<UNK>,1,3,1.0,3.0,0.3333333333333333,-1.0986122886681098,3,MLE,46
24,the <UNK>,of,260,1703,260.0,1703.0,0.15267175572519084,-1.8794650496471605,3,MLE,46
25,<UNK> of,<UNK>,37,794,37.0,794.0,0.04659949622166247,-3.0661655486029114,3,MLE,46
26,of <UNK>,an,2,726,2.0,726.0,0.0027548209366391185,-5.8944028342648505,3,MLE,46
27,<UNK> an,admirable,1,29,1.0,29.0,0.034482758620689655,-3.367295829986474,3,MLE,46
28,an admirable,georgian,1,5,1.0,5.0,0.2,-1.6094379124341003,3,MLE,46
29,admirable georgian,whose,1,1,1.0,1.0,1.0,0.0,3,MLE,46
30,georgian whose,delightful,1,1,1.0,1.0,1.0,0.0,3,MLE,46
31,whose delightful,correspondence,1,1,1.0,1.0,1.0,0.0,3,MLE,46
32,delightful correspondence,is,1,1,1.0,1.0,1.0,0.0,3,MLE,46
33,correspondence is,preserved,1,1,1.0,1.0,1.0,0.0,3,MLE,46
34,is preserved,in,1,3,1.0,3.0,0.3333333333333333,-1.0986122886681098,3,MLE,46
35,preserved in,the,2,2,2.0,2.0,1.0,0.0,3,MLE,46
36,in the,georgia,2,4880,2.0,4880.0,0.0004098360655737705,-7.799753318287247,3,MLE,46
37,the georgia,department,1,7,1.0,7.0,0.14285714285714285,-1.9459101490553135,3,MLE,46
38,georgia department,of,1,1,1.0,1.0,1.0,0.0,3,MLE,46
39,department of,defense,7,61,7.0,61.0,0.11475409836065574,-2.164963715117998,3,MLE,46
40,of defense,appropriation,2,16,2.0,16.0,0.125,-2.0794415416798357,3,MLE,46
1,<s> <s>,it,1709,45412,1710.0,67768.0,0.025233148388619998,-3.6795967366146813,3,Laplace,42
2,<s> it,eyebrow,0,1709,1.0,24065.0,4.15541242468315e-05,-10.088513781737209,3,Laplace,42
3,it eyebrow,choked,0,0,1.0,22356.0,4.473072105922347e-05,-10.01485002038959,3,Laplace,42
4,eyebrow choked,sharks,0,0,1.0,22356.0,4.473072105922347e-05,-10.01485002038959,3,Laplace,42
5,choked sharks,ordering,0,0,1.0,22356.0,4.473072105922347e-05,-10.01485002038959,3,Laplace,42
6,sharks ordering,cavity,0,0,1.0,22356.0,4.473072105922347e-05,-10.01485002038959,3,Laplace,42
7,ordering cavity,repelled,0,0,1.0,22356.0,4.473072105922347e-05,-10.01485002038959,3,Laplace,42
8,cavity repelled,smiled,0,0,1.0,22356.0,4.473072105922347e-05,-10.01485002038959,3,Laplace,42
9,repelled smiled,vacuum,0,0,1.0,22356.0,4.473072105922347e-05,-10.01485002038959,3,Laplace,42
10,smiled vacuum,ooze,0,0,1.0,22356.0,4.473072105922347e-05,-10.01485002038959,3,Laplace,42
11,vacuum ooze,study,0,0,1.0,22356.0,4.473072105922347e-05,-10.01485002038959,3,Laplace,42
12,ooze study,acrylic,0,0,1.0,22356.0,4.473072105922347e-05,-10.01485002038959,3,Laplace,42
13,study acrylic,definitive,0,0,1.0,22356.0,4.473072105922347e-05,-10.01485002038959,3,Laplace,42
14,acrylic definitive,knoll,0,0,1.0,22356.0,4.473072105922347e-05,-10.01485002038959,3,Laplace,42
15,definitive knoll,exacts,0,0,1.0,22356.0,4.473072105922347e-05,-10.01485002038959,3,Laplace,42
16,knoll exacts,keelson,0,0,1.0,22356.0,4.473072105922347e-05,-10.01485002038959,3,Laplace,42
17,exacts keelson,mending,0,0,1.0,22356.0,4.473072105922347e-05,-10.01485002038959,3,Laplace,42
18,keelson mending,languages,0,0,1.0,22356.0,4.473072105922347e-05,-10.01485002038959,3,Laplace,42
19,mending languages,avenue,0,0,1.0,22356.0,4.473072105922347e-05,-10.01485002038959,3,Laplace,42
20,languages avenue,seal,0,0,1.0,22356.0,4.473072105922347e-05,-10.01485002038959,3,Laplace,42
21,avenue seal,megaton,0,0,1.0,22356.0,4.473072105922347e-05,-10.01485002038959,3,Laplace,42
22,seal megaton,hoping,0,0,1.0,22356.0,4.473072105922347e-05,-10.01485002038959,3,Laplace,42
23,megaton hoping,thwarted,0,0,1.0,22356.0,4.473072105922347e-05,-10.01485002038959,3,Laplace,42
24,hoping thwarted,loyalties,0,0,1.0,22356.0,4.473072105922347e-05,-10.01485002038959,3,Laplace,42
25,thwarted loyalties,boots,0,0,1.0,22356.0,4.473072105922347e-05,-10.01485002038959,3,Laplace,42
26,loyalties boots,fathers,0,0,1.0,22356.0,4.473072105922347e-05,-10.01485002038959,3,Laplace,42
27,boots fathers,bulletins,0,0,1.0,22356.0,4.473072105922347e-05,-10.01485002038959,3,Laplace,42
28,fathers bulletins,chickasaws,0,0,1.0,22356.0,4.473072105922347e-05,-10.01485002038959,3,Laplace,42
29,bulletins chickasaws,plate,0,0,1.0,22356.0,4.473072105922347e-05,-10.01485002038959,3,Laplace,42
30,chickasaws plate,madison,0,0,1.0,22356.0,4.473072105922347e-05,-10.01485002038959,3,Laplace,42
31,plate madison,lippmann,0,0,1.0,22356.0,4.473072105922347e-05,-10.01485002038959,3,Laplace,42
32,madison lippmann,gradient,0,0,1.0,22356.0,4.473072105922347e-05,-10.01485002038959,3,Laplace,42
33,lippmann gradient,urbanization,0,0,1.0,22356.0,4.473072105922347e-05,-10.01485002038959,3,Laplace,42
34,gradient urbanization,turnpikes,0,0,1.0,22356.0,4.473072105922347e-05,-10.01485002038959,3,Laplace,42
35,urbanization turnpikes,formulaic,0,0,1.0,22356.0,4.473072105922347e-05,-10.01485002038959,3,Laplace,42
36,turnpikes formulaic,memorable,0,0,1.0,22356.0,4.473072105922347e-05,-10.01485002038959,3,Laplace,42
37,formulaic memorable,understand,0,0,1.0,22356.0,4.473072105922347e-05,-10.01485002038959,3,Laplace,42
38,memorable understand,expenditure,0,0,1.0,22356.0,4.473072105922347e-05,-10.01485002038959,3,Laplace,42
39,understand expenditure,behaviour,0,0,1.0,22356.0,4.473072105922347e-05,-10.01485002038959,3,Laplace,42
40,expenditure behaviour,argiento,0,0,1.0,22356.0,4.473072105922347e-05,-10.01485002038959,3,Laplace,42
1,<s> <s>,somewhere,12,45412,13.0,67768.0,0.00019183095266202336,-8.55889602864985,3,Laplace,43
2,<s> somewhere,poverty,0,12,1.0,22368.0,4.470672389127325e-05,-10.015386645033537,3,Laplace,43
3,somewhere poverty,chairs,0,0,1.0,22356.0,4.473072105922347e-05,-10.01485002038959,3,Laplace,43
4,poverty chairs,reflects,0,0,1.0,22356.0,4.473072105922347e-05,-10.01485002038959,3,Laplace,43
5,chairs reflects,revulsion,0,0,1.0,22356.0,4.473072105922347e-05,-10.01485002038959,3,Laplace,43
6,reflects revulsion,marshal,0,0,1.0,22356.0,4.473072105922347e-05,-10.01485002038959,3,Laplace,43
7,revulsion marshal,shibboleth,0,0,1.0,22356.0,4.473072105922347e-05,-10.01485002038959,3,Laplace,43
8,marshal shibboleth,paris,0,0,1.0,22356.0,4.473072105922347e-05,-10.01485002038959,3,Laplace,43
9,shibboleth paris,bend,0,0,1.0,22356.0,4.473072105922347e-05,-10.01485002038959,3,Laplace,43
10,paris bend,conditioned,0,0,1.0,22356.0,4.473072105922347e-05,-10.01485002038959,3,Laplace,43
11,bend conditioned,certification,0,0,1.0,22356.0,4.473072105922347e-05,-10.01485002038959,3,Laplace,43
12,conditioned certification,recourse,0,0,1.0,22356.0,4.473072105922347e-05,-10.01485002038959,3,Laplace,43
13,certification recourse,minuteman,0,0,1.0,22356.0,4.473072105922347e-05,-10.01485002038959,3,Laplace,43
14,recourse minuteman,reproduces,0,0,1.0,22356.0,4.473072105922347e-05,-10.01485002038959,3,Laplace,43
15,minuteman reproduces,dives,0,0,1.0,22356.0,4.473072105922347e-05,-10.01485002038959,3,Laplace,43
16,reproduces dives,baptism,0,0,1.0,22356.0,4.473072105922347e-05,-10.01485002038959,3,Laplace,43
17,dives baptism,downs,0,0,1.0,22356.0,4.473072105922347e-05,-10.01485002038959,3,Laplace,43
18,baptism downs,deserve,0,0,1.0,22356.0,4.473072105922347e-05,-10.01485002038959,3,Laplace,43
19,downs deserve,brotherhood,0,0,1.0,22356.0,4.473072105922347e-05,-10.01485002038959,3,Laplace,43
20,deserve brotherhood,choreographers,0,0,1.0,22356.0,4.473072105922347e-05,-10.01485002038959,3,Laplace,43
21,brotherhood choreographers,stopping,0,0,1.0,22356.0,4.473072105922347e-05,-10.01485002038959,3,Laplace,43
22,choreographers stopping,vacationing,0,0,1.0,22356.0,4.473072105922347e-05,-10.01485002038959,3,Laplace,43
23,stopping vacationing,celebrated,0,0,1.0,22356.0,4.473072105922347e-05,-10.01485002038959,3,Laplace,43
24,vacationing celebrated,politely,0,0,1.0,22356.0,4.473072105922347e-05,-10.01485002038959,3,Laplace,43
25,celebrated politely,jessie,0,0,1.0,22356.0,4.473072105922347e-05,-10.01485002038959,3,Laplace,43
26,politely jessie,watercolor,0,0,1.0,22356.0,4.473072105922347e-05,-10.01485002038959,3,Laplace,43
27,jessie watercolor,desserts,0,0,1.0,22356.0,4.473072105922347e-05,-10.01485002038959,3,Laplace,43
28,watercolor desserts,bums,0,0,1.0,22356.0,4.473072105922347e-05,-10.01485002038959,3,Laplace,43
29,desserts bums,barnumville,0,0,1.0,22356.0,4.473072105922347e-05,-10.01485002038959,3,Laplace,43
30,bums barnumville,granting,0,0,1.0,22356.0,4.473072105922347e-05,-10.01485002038959,3,Laplace,43
31,barnumville granting,doubtfully,0,0,1.0,22356.0,4.473072105922347e-05,-10.01485002038959,3,Laplace,43
32,granting doubtfully,boss,0,0,1.0,22356.0,4.473072105922347e-05,-10.01485002038959,3,Laplace,43
33,doubtfully boss,siebern,0,0,1.0,22356.0,4.473072105922347e-05,-10.01485002038959,3,Laplace,43
34,boss siebern,hump,0,0,1.0,22356.0,4.473072105922347e-05,-10.01485002038959,3,Laplace,43
35,siebern hump,loyal,0,0,1.0,22356.0,4.473072105922347e-05,-10.01485002038959,3,Laplace,43
36,hump loyal,auditions,0,0,1.0,22356.0,4.473072105922347e-05,-10.01485002038959,3,Laplace,43
37,loyal auditions,observational,0,0,1.0,22356.0,4.473072105922347e-05,-10.01485002038959,3,Laplace,43
38,auditions observational,cable,0,0,1.0,22356.0,4.473072105922347e-05,-10.01485002038959,3,Laplace,43
39,observational cable,unplowed,0,0,1.0,22356.0,4.473072105922347e-05,-10.01485002038959,3,Laplace,43
40,cable unplowed,waxed,0,0,1.0,22356.0,4.473072105922347e-05,-10.01485002038959,3,Laplace,43
1,<s> <s>,a,1015,45412,1016.0,67768.0,0.014992326761893519,-4.200216757972959,3,Laplace,44
2,<s> a,discriminating,0,1015,1.0,23371.0,4.278807068589277e-05,-10.059251216519025,3,Laplace,44
3,a discriminating,historical,0,1,1.0,22357.0,4.4728720311311895e-05,-10.014894750110258,3,Laplace,44
4,discriminating historical,commentary,0,0,1.0,22356.0,4.473072105922347e-05,-10.01485002038959,3,Laplace,44
5,historical commentary,chemicals,0,0,1.0,22356.0,4.473072105922347e-05,-10.01485002038959,3,Laplace,44
6,commentary chemicals,revived,0,0,1.0,22356.0,4.473072105922347e-05,-10.01485002038959,3,Laplace,44
7,chemicals revived,immigrants,0,0,1.0,22356.0,4.473072105922347e-05,-10.01485002038959,3,Laplace,44
8,revived immigrants,meeting,0,0,1.0,22356.0,4.473072105922347e-05,-10.01485002038959,3,Laplace,44
9,immigrants meeting,whitman,0,0,1.0,22356.0,4.473072105922347e-05,-10.01485002038959,3,Laplace,44
10,meeting whitman,break,0,0,1.0,22356.0,4.473072105922347e-05,-10.01485002038959,3,Laplace,44
11,whitman break,hearsay,0,0,1.0,22356.0,4.473072105922347e-05,-10.01485002038959,3,Laplace,44
12,break hearsay,cocteau,0,0,1.0,22356.0,4.473072105922347e-05,-10.01485002038959,3,Laplace,44
13,hearsay cocteau,strut,0,0,1.0,22356.0,4.473072105922347e-05,-10.01485002038959,3,Laplace,44
14,cocteau strut,inordinately,0,0,1.0,22356.0,4.473072105922347e-05,-10.01485002038959,3,Laplace,44
15,strut inordinately,tracking,0,0,1.0,22356.0,4.473072105922347e-05,-10.01485002038959,3,Laplace,44
16,inordinately tracking,hitch,0,0,1.0,22356.0,4.473072105922347e-05,-10.01485002038959,3,Laplace,44
17,tracking hitch,minerva,0,0,1.0,22356.0,4.473072105922347e-05,-10.01485002038959,3,Laplace,44
18,hitch minerva,prose,0,0,1.0,22356.0,4.473072105922347e-05,-10.01485002038959,3,Laplace,44
19,minerva prose,dressed,0,0,1.0,22356.0,4.473072105922347e-05,-10.01485002038959,3,Laplace,44
20,prose dressed,frayne,0,0,1.0,22356.0,4.473072105922347e-05,-10.01485002038959,3,Laplace,44
21,dressed frayne,avenue,0,0,1.0,22356.0,4.473072105922347e-05,-10.01485002038959,3,Laplace,44
22,frayne avenue,yearnings,0,0,1.0,22356.0,4.473072105922347e-05,-10.01485002038959,3,Laplace,44
23,avenue yearnings,assuming,0,0,1.0,22356.0,4.473072105922347e-05,-10.01485002038959,3,Laplace,44
24,yearnings assuming,verification,0,0,1.0,22356.0,4.473072105922347e-05,-10.01485002038959,3,Laplace,44
25,assuming verification,manometer,0,0,1.0,22356.0,4.473072105922347e-05,-10.01485002038959,3,Laplace,44
26,verification manometer,tries,0,0,1.0,22356.0,4.473072105922347e-05,-10.01485002038959,3,Laplace,44
27,manometer tries,sense,0,0,1.0,22356.0,4.473072105922347e-05,-10.01485002038959,3,Laplace,44
28,tries sense,quantities,0,0,1.0,22356.0,4.473072105922347e-05,-10.01485002038959,3,Laplace,44
29,sense quantities,launch,0,0,1.0,22356.0,4.473072105922347e-05,-10.01485002038959,3,Laplace,44
30,quantities launch,averell,0,0,1.0,22356.0,4.473072105922347e-05,-10.01485002038959,3,Laplace,44
31,launch averell,administering,0,0,1.0,22356.0,4.473072105922347e-05,-10.01485002038959,3,Laplace,44
32,averell administering,agreed,0,0,1.0,22356.0,4.473072105922347e-05,-10.01485002038959,3,Laplace,44
33,administering agreed,tacked,0,0,1.0,22356.0,4.473072105922347e-05,-10.01485002038959,3,Laplace,44
34,agreed tacked,seventeen,0,0,1.0,22356.0,4.473072105922347e-05,-10.01485002038959,3,Laplace,44
35,tacked seventeen,liveliness,0,0,1.0,22356.0,4.473072105922347e-05,-10.01485002038959,3,Laplace,44
36,seventeen liveliness,negotiated,0,0,1.0,22356.0,4.473072105922347e-05,-10.01485002038959,3,Laplace,44
37,liveliness negotiated,knives,0,0,1.0,22356.0,4.473072105922347e-05,-10.01485002038959,3,Laplace,44
38,negotiated knives,face,0,0,1.0,22356.0,4.473072105922347e-05,-10.01485002038959,3,Laplace,44
39,knives face,besides,0,0,1.0,22356.0,4.473072105922347e-05,-10.01485002038959,3,Laplace,44
40,face besides,band,0,0,1.0,22356.0,4.473072105922347e-05,-10.01485002038959,3,Laplace,44
1,<s> <s>,for,524,45412,525.0,67768.0,0.0077470192421201746,-4.860447123519763,3,Laplace,45
2,<s> for,kinda,0,524,1.0,22880.0,4.3706293706293706e-05,-10.038018445493734,3,Laplace,45
3,for kinda,questioner,0,0,1.0,22356.0,4.473072105922347e-05,-10.01485002038959,3,Laplace,45
4,kinda questioner,height,0,0,1.0,22356.0,4.473072105922347e-05,-10.01485002038959,3,Laplace,45
5,questioner height,industrial,0,0,1.0,22356.0,4.473072105922347e-05,-10.01485002038959,3,Laplace,45
6,height industrial,utilizing,0,0,1.0,22356.0,4.473072105922347e-05,-10.01485002038959,3,Laplace,45
7,industrial utilizing,toxic,0,0,1.0,22356.0,4.473072105922347e-05,-10.01485002038959,3,Laplace,45
8,utilizing toxic,grocery,0,0,1.0,22356.0,4.473072105922347e-05,-10.01485002038959,3,Laplace,45
9,toxic grocery,dashing,0,0,1.0,22356.0,4.473072105922347e-05,-10.01485002038959,3,Laplace,45
10,grocery dashing,overthrown,0,0,1.0,22356.0,4.473072105922347e-05,-10.01485002038959,3,Laplace,45
11,dashing overthrown,ninety,0,0,1.0,22356.0,4.473072105922347e-05,-10.01485002038959,3,Laplace,45
12,overthrown ninety,belong,0,0,1.0,22356.0,4.473072105922347e-05,-10.01485002038959,3,Laplace,45
13,ninety belong,dignified,0,0,1.0,22356.0,4.473072105922347e-05,-10.01485002038959,3,Laplace,45
14,belong dignified,live,0,0,1.0,22356.0,4.473072105922347e-05,-10.01485002038959,3,Laplace,45
15,dignified live,inter,0,0,1.0,22356.0,4.473072105922347e-05,-10.01485002038959,3,Laplace,45
16,live inter,carleton,0,0,1.0,22356.0,4.473072105922347e-05,-10.01485002038959,3,Laplace,45
17,inter carleton,itemized,0,0,1.0,22356.0,4.473072105922347e-05,-10.01485002038959,3,Laplace,45
18,carleton itemized,minuet,0,0,1.0,22356.0,4.473072105922347e-05,-10.01485002038959,3,Laplace,45
19,itemized minuet,saving,0,0,1.0,22356.0,4.473072105922347e-05,-10.01485002038959,3,Laplace,45
20,minuet saving,troubling,0,0,1.0,22356.0,4.473072105922347e-05,-10.01485002038959,3,Laplace,45
21,saving troubling,unions,0,0,1.0,22356.0,4.473072105922347e-05,-10.01485002038959,3,Laplace,45
22,troubling unions,warwick,0,0,1.0,22356.0,4.473072105922347e-05,-10.01485002038959,3,Laplace,45
23,unions warwick,masterpieces,0,0,1.0,22356.0,4.473072105922347e-05,-10.01485002038959,3,Laplace,45
24,warwick masterpieces,levy,0,0,1.0,22356.0,4.473072105922347e-05,-10.01485002038959,3,Laplace,45
25,masterpieces levy,alertness,0,0,1.0,22356.0,4.473072105922347e-05,-10.01485002038959,3,Laplace,45
26,levy alertness,torrence,0,0,1.0,22356.0,4.473072105922347e-05,-10.01485002038959,3,Laplace,45
27,alertness torrence,equating,0,0,1.0,22356.0,4.473072105922347e-05,-10.01485002038959,3,Laplace,45
28,torrence equating,mental,0,0,1.0,22356.0,4.473072105922347e-05,-10.01485002038959,3,Laplace,45
29,equating mental,plunder,0,0,1.0,22356.0,4.473072105922347e-05,-10.01485002038959,3,Laplace,45
30,mental plunder,slugged,0,0,1.0,22356.0,4.473072105922347e-05,-10.01485002038959,3,Laplace,45
31,plunder slugged,richert,0,0,1.0,22356.0,4.473072105922347e-05,-10.01485002038959,3,Laplace,45
32,slugged richert,apples,0,0,1.0,22356.0,4.473072105922347e-05,-10.01485002038959,3,Laplace,45
33,richert apples,seventh,0,0,1.0,22356.0,4.473072105922347e-05,-10.01485002038959,3,Laplace,45
34,apples seventh,rookie,0,0,1.0,22356.0,4.473072105922347e-05,-10.01485002038959,3,Laplace,45
35,seventh rookie,instruments,0,0,1.0,22356.0,4.473072105922347e-05,-10.01485002038959,3,Laplace,45
36,rookie instruments,doctors,0,0,1.0,22356.0,4.473072105922347e-05,-10.01485002038959,3,Laplace,45
37,instruments doctors,harness,0,0,1.0,22356.0,4.473072105922347e-05,-10.01485002038959,3,Laplace,45
38,doctors harness,chopped,0,0,1.0,22356.0,4.473072105922347e-05,-10.01485002038959,3,Laplace,45
39,harness chopped,squarely,0,0,1.0,22356.0,4.473072105922347e-05,-10.01485002038959,3,Laplace,45
40,chopped squarely,tight,0,0,1.0,22356.0,4.473072105922347e-05,-10.01485002038959,3,Laplace,45
1,<s> <s>,mystics,0,45412,1.0,67768.0,1.4756227127847951e-05,-11.123845386111388,3,Laplace,46
2,<s> mystics,stressed,0,0,1.0,22356.0,4.473072105922347e-05,-10.01485002038959,3,Laplace,46
3,mystics stressed,favoritism,0,0,1.0,22356.0,4.473072105922347e-05,-10.01485002038959,3,Laplace,46
4,stressed favoritism,dairy,0,0,1.0,22356.0,4.473072105922347e-05,-10.01485002038959,3,Laplace,46
5,favoritism dairy,argued,0,0,1.0,22356.0,4.473072105922347e-05,-10.01485002038959,3,Laplace,46
6,dairy argued,interaction,0,0,1.0,22356.0,4.473072105922347e-05,-10.01485002038959,3,Laplace,46
7,argued interaction,become,0,0,1.0,22356.0,4.473072105922347e-05,-10.01485002038959,3,Laplace,46
8,interaction become,convincing,0,0,1.0,22356.0,4.473072105922347e-05,-10.01485002038959,3,Laplace,46
9,become convincing,housing,0,0,1.0,22356.0,4.473072105922347e-05,-10.01485002038959,3,Laplace,46
10,convincing housing,catholic,0,0,1.0,22356.0,4.473072105922347e-05,-10.01485002038959,3,Laplace,46
11,housing catholic,psychiatric,0,0,1.0,22356.0,4.473072105922347e-05,-10.01485002038959,3,Laplace,46
12,catholic psychiatric,probing,0,0,1.0,22356.0,4.473072105922347e-05,-10.01485002038959,3,Laplace,46
13,psychiatric probing,brevity,0,0,1.0,22356.0,4.473072105922347e-05,-10.01485002038959,3,Laplace,46
14,probing brevity,shaft,0,0,1.0,22356.0,4.473072105922347e-05,-10.01485002038959,3,Laplace,46
15,brevity shaft,papal,0,0,1.0,22356.0,4.473072105922347e-05,-10.01485002038959,3,Laplace,46
16,shaft papal,reproach,0,0,1.0,22356.0,4.473072105922347e-05,-10.01485002038959,3,Laplace,46
17,papal reproach,gymnasts,0,0,1.0,22356.0,4.473072105922347e-05,-10.01485002038959,3,Laplace,46
18,reproach gymnasts,summation,0,0,1.0,22356.0,4.473072105922347e-05,-10.01485002038959,3,Laplace,46
19,gymnasts summation,bookies,0,0,1.0,22356.0,4.473072105922347e-05,-10.01485002038959,3,Laplace,46
20,summation bookies,positively,0,0,1.0,22356.0,4.473072105922347e-05,-10.01485002038959,3,Laplace,46
21,bookies positively,dollar,0,0,1.0,22356.0,4.473072105922347e-05,-10.01485002038959,3,Laplace,46
22,positively dollar,livelihood,0,0,1.0,22356.0,4.473072105922347e-05,-10.01485002038959,3,Laplace,46
23,dollar livelihood,encampment,0,0,1.0,22356.0,4.473072105922347e-05,-10.01485002038959,3,Laplace,46
24,livelihood encampment,stipulates,0,0,1.0,22356.0,4.473072105922347e-05,-10.01485002038959,3,Laplace,46
25,encampment stipulates,tendency,0,0,1.0,22356.0,4.473072105922347e-05,-10.01485002038959,3,Laplace,46
26,stipulates tendency,worldly,0,0,1.0,22356.0,4.473072105922347e-05,-10.01485002038959,3,Laplace,46
27,tendency worldly,heights,0,0,1.0,22356.0,4.473072105922347e-05,-10.01485002038959,3,Laplace,46
28,worldly heights,manifestly,0,0,1.0,22356.0,4.473072105922347e-05,-10.01485002038959,3,Laplace,46
29,heights manifestly,magoun,0,0,1.0,22356.0,4.473072105922347e-05,-10.01485002038959,3,Laplace,46
30,manifestly magoun,wanton,0,0,1.0,22356.0,4.473072105922347e-05,-10.01485002038959,3,Laplace,46
31,magoun wanton,steward,0,0,1.0,22356.0,4.473072105922347e-05,-10.01485002038959,3,Laplace,46
32,wanton steward,servo,0,0,1.0,22356.0,4.473072105922347e-05,-10.01485002038959,3,Laplace,46
33,steward servo,morley,0,0,1.0,22356.0,4.473072105922347e-05,-10.01485002038959,3,Laplace,46
34,servo morley,kennings,0,0,1.0,22356.0,4.473072105922347e-05,-10.01485002038959,3,Laplace,46
35,morley kennings,ably,0,0,1.0,22356.0,4.473072105922347e-05,-10.01485002038959,3,Laplace,46
36,kennings ably,dosages,0,0,1.0,22356.0,4.473072105922347e-05,-10.01485002038959,3,Laplace,46
37,ably dosages,negate,0,0,1.0,22356.0,4.473072105922347e-05,-10.01485002038959,3,Laplace,46
38,dosages negate,anatomical,0,0,1.0,22356.0,4.473072105922347e-05,-10.01485002038959,3,Laplace,46
39,negate anatomical,arts,0,0,1.0,22356.0,4.473072105922347e-05,-10.01485002038959,3,Laplace,46
40,anatomical arts,finer,0,0,1.0,22356.0,4.473072105922347e-05,-10.01485002038959,3,Laplace,46
