n,model,seed,kata,berhenti,text
2,MLE,42,29,EOS,it was before the <UNK> level in both miss schwarzkopf and <UNK> <UNK> and left foot traveler and repair facilities for a joint committee of the stint of christendom
2,MLE,43,36,EOS,somewhere behind that we seldom moved a blind alley for an extraordinary effort to behave in that point charles <UNK> rapidly from squeezing a big one another car with dependable universe is not very troubled time
2,MLE,44,13,EOS,a sudden wave of men like a child continues to the united in
2,MLE,45,9,EOS,for him by the contemporary scene but that curious
2,MLE,46,4,EOS,although bob fogg made
2,Laplace,42,40,batas panjang,it eyebrow choked sharks ordering cavity repelled smiled vacuum ooze study acrylic definitive knoll exacts keelson mending languages avenue seal megaton hoping thwarted loyalties boots fathers bulletins chickasaws plate madison lippmann gradient urbanization turnpikes formulaic memorable understand expenditure behaviour argiento
2,Laplace,43,40,batas panjang,somewhere poverty chairs reflects revulsion marshal shibboleth paris bend conditioned certification recourse minuteman reproduces dives baptism downs deserve brotherhood choreographers stopping vacationing celebrated politely jessie watercolor desserts bums barnumville granting doubtfully boss siebern hump loyal auditions observational cable unplowed waxed
2,Laplace,44,40,batas panjang,a discriminating historical commentary chemicals revived immigrants meeting whitman break hearsay cocteau strut inordinately tracking hitch minerva prose dressed frayne avenue yearnings assuming verification manometer tries sense quantities launch averell administering agreed tacked seventeen liveliness negotiated knives face besides band
2,Laplace,45,40,batas panjang,for him by communal utilizing toxic grocery dashing overthrown ninety belong dignified live inter carleton itemized minuet saving troubling unions warwick masterpieces levy alertness torrence equating mental plunder slugged richert apples seventh rookie instruments doctors harness chopped squarely tight peak
2,Laplace,46,40,batas panjang,mystics stressed favoritism dairy argued interaction become convincing housing catholic psychiatric probing brevity shaft papal reproach gymnasts summation bookies positively dollar livelihood encampment stipulates tendency worldly heights manifestly magoun wanton steward servo morley kennings ably dosages negate anatomical arts finer
3,MLE,42,17,EOS,it was close to being social leaders and in the biography diffuse help to his italian <UNK>
3,MLE,43,6,EOS,somewhere birds were <UNK> by lighting
3,MLE,44,36,EOS,a change in the rear end was as if they were doing our best new england but roughly only a few moments before and the moral and spiritual awakening of an autistic child who is this
3,MLE,45,31,EOS,for if i had plenty status at the floor these can be changed without <UNK> rupture intermittently occurs along the roof of the house ahead of him or speak to whitey
3,MLE,46,40,batas panjang,although no national norms exist for achieving his aim was to take place in its entirety at a new henry james the <UNK> of <UNK> an admirable georgian whose delightful correspondence is preserved in the georgia department of defense appropriation
3,Laplace,42,40,batas panjang,it eyebrow choked sharks ordering cavity repelled smiled vacuum ooze study acrylic definitive knoll exacts keelson mending languages avenue seal megaton hoping thwarted loyalties boots fathers bulletins chickasaws plate madison lippmann gradient urbanization turnpikes formulaic memorable understand expenditure behaviour argiento
3,Laplace,43,40,batas panjang,somewhere poverty chairs reflects revulsion marshal shibboleth paris bend conditioned certification recourse minuteman reproduces dives baptism downs deserve brotherhood choreographers stopping vacationing celebrated politely jessie watercolor desserts bums barnumville granting doubtfully boss siebern hump loyal auditions observational cable unplowed waxed
3,Laplace,44,40,batas panjang,a discriminating historical commentary chemicals revived immigrants meeting whitman break hearsay cocteau strut inordinately tracking hitch minerva prose dressed frayne avenue yearnings assuming verification manometer tries sense quantities launch averell administering agreed tacked seventeen liveliness negotiated knives face besides band
3,Laplace,45,40,batas panjang,for kinda questioner height industrial utilizing toxic grocery dashing overthrown ninety belong dignified live inter carleton itemized minuet saving troubling unions warwick masterpieces levy alertness torrence equating mental plunder slugged richert apples seventh rookie instruments doctors harness chopped squarely tight
3,Laplace,46,40,batas panjang,mystics stressed favoritism dairy argued interaction become convincing housing catholic psychiatric probing brevity shaft papal reproach gymnasts summation bookies positively dollar livelihood encampment stipulates tendency worldly heights manifestly magoun wanton steward servo morley kennings ably dosages negate anatomical arts finer
