step,context,target,count,context_count,numerator,denominator,P,log_P,n,model,case
1,<s>,she,741,45412,741.0,45412.0,0.01631727296749758,-4.115531040988337,2,MLE,train_seen
2,she,called,8,2272,8.0,2272.0,0.0035211267605633804,-5.648974238161206,2,MLE,train_seen
3,called,trying,1,325,1.0,325.0,0.003076923076923077,-5.783825182329737,2,MLE,train_seen
4,trying,to,106,129,106.0,129.0,0.8217054263565892,-0.19637331024960494,2,MLE,train_seen
5,to,attain,14,20879,14.0,20879.0,0.0006705301978064083,-7.307441818514117,2,MLE,train_seen
6,attain,a,2,16,2.0,16.0,0.125,-2.0794415416798357,2,MLE,train_seen
7,a,half,29,18547,29.0,18547.0,0.001563595190596862,-6.460767499902813,2,MLE,train_seen
8,half,humorous,1,222,1.0,222.0,0.0045045045045045045,-5.402677381872279,2,MLE,train_seen
9,humorous,resentment,1,11,1.0,11.0,0.09090909090909091,-2.3978952727983707,2,MLE,train_seen
10,resentment,at,2,12,2.0,12.0,0.16666666666666666,-1.791759469228055,2,MLE,train_seen
11,at,his,107,4235,107.0,4235.0,0.025265643447461628,-3.6783097726242486,2,MLE,train_seen
12,his,departure,5,5597,5.0,5597.0,0.0008933357155619082,-7.020548106457259,2,MLE,train_seen
13,departure,</s>,4,12,4.0,12.0,0.3333333333333333,-1.0986122886681098,2,MLE,train_seen
1,<s>,at,336,45412,336.0,45412.0,0.007398925394168942,-4.90642050632122,2,MLE,test_unseen
2,at,one,36,4235,36.0,4235.0,0.008500590318772138,-4.7676196686300445,2,MLE,test_unseen
3,one,time,18,2643,18.0,2643.0,0.00681044267877412,-4.9892981567081245,2,MLE,test_unseen
4,time,to,120,1300,120.0,1300.0,0.09230769230769231,-2.382627800667582,2,MLE,test_unseen
5,to,most,9,20879,9.0,20879.0,0.0004310551271612625,-7.7492745707931565,2,MLE,test_unseen
6,most,americans,3,924,3.0,924.0,0.003246753246753247,-5.730099782973574,2,MLE,test_unseen
7,americans,unless,0,77,0.0,77.0,0.0,-inf,2,MLE,test_unseen
8,unless,they,7,85,7.0,85.0,0.08235294117647059,-2.496741107435003,2,MLE,test_unseen
9,they,were,335,2908,335.0,2908.0,0.11519944979367262,-2.161090306828344,2,MLE,test_unseen
10,were,fortunate,0,2628,0.0,2628.0,0.0,-inf,2,MLE,test_unseen
11,fortunate,enough,1,16,1.0,16.0,0.0625,-2.772588722239781,2,MLE,test_unseen
12,enough,to,125,348,125.0,348.0,0.35919540229885055,-1.0238887424721732,2,MLE,test_unseen
13,to,live,45,20879,45.0,20879.0,0.0021552756358063124,-6.139836658359056,2,MLE,test_unseen
14,live,near,0,141,0.0,141.0,0.0,-inf,2,MLE,test_unseen
15,near,a,5,162,5.0,162.0,0.030864197530864196,-3.4781584227982836,2,MLE,test_unseen
16,a,body,15,18547,15.0,18547.0,0.0008087561330673424,-7.120013128787077,2,MLE,test_unseen
17,body,of,28,224,28.0,224.0,0.125,-2.0794415416798357,2,MLE,test_unseen
18,of,<UNK>,726,29164,726.0,29164.0,0.024893704567274723,-3.693140336101525,2,MLE,test_unseen
19,<UNK>,water,5,14533,5.0,14533.0,0.00034404458817862793,-7.97473929219207,2,MLE,test_unseen
20,water,boats,0,340,0.0,340.0,0.0,-inf,2,MLE,test_unseen
21,boats,were,2,39,2.0,39.0,0.05128205128205128,-2.9704144655697013,2,MLE,test_unseen
22,were,considered,3,2628,3.0,2628.0,0.001141552511415525,-6.775366090936392,2,MLE,test_unseen
23,considered,the,12,112,12.0,112.0,0.10714285714285714,-2.2335922215070942,2,MLE,test_unseen
24,the,sole,8,55780,8.0,55780.0,0.00014342058085335246,-8.849729119501644,2,MLE,test_unseen
25,sole,concern,0,14,0.0,14.0,0.0,-inf,2,MLE,test_unseen
26,concern,of,13,81,13.0,81.0,0.16049382716049382,-1.8294997972109022,2,MLE,test_unseen
27,of,fishermen,0,29164,0.0,29164.0,0.0,-inf,2,MLE,test_unseen
28,fishermen,rich,0,4,0.0,4.0,0.0,-inf,2,MLE,test_unseen
29,rich,people,1,62,1.0,62.0,0.016129032258064516,-4.127134385045092,2,MLE,test_unseen
30,people,and,25,671,25.0,671.0,0.037257824143070044,-3.289893312103481,2,MLE,test_unseen
31,and,the,1850,23041,1850.0,23041.0,0.08029165400807256,-2.522089598573362,2,MLE,test_unseen
32,the,united,308,55780,308.0,55780.0,0.00552169236285407,-5.199070878207905,2,MLE,test_unseen
33,united,states,310,387,310.0,387.0,0.8010335917312662,-0.2218523955505898,2,MLE,test_unseen
34,states,navy,1,475,1.0,475.0,0.002105263157894737,-6.163314804034641,2,MLE,test_unseen
35,navy,</s>,2,29,2.0,29.0,0.06896551724137931,-2.6741486494265287,2,MLE,test_unseen
1,<s>,she,741,45412,742.0,67768.0,0.01094912052886318,-4.514496142944006,2,Laplace,train_seen
2,she,called,8,2272,9.0,24628.0,0.00036543771317199935,-7.914414708694881,2,Laplace,train_seen
3,called,trying,1,325,2.0,22681.0,8.817953353026762e-05,-9.336135668020491,2,Laplace,train_seen
4,trying,to,106,129,107.0,22485.0,0.0047587280409161666,-5.3477748647429015,2,Laplace,train_seen
5,to,attain,14,20879,15.0,43235.0,0.00034694113565398406,-7.96635543029232,2,Laplace,train_seen
6,attain,a,2,16,3.0,22372.0,0.00013409619166815663,-8.91695316727337,2,Laplace,train_seen
7,a,half,29,18547,30.0,40903.0,0.0007334425347774002,-7.217761307312037,2,Laplace,train_seen
8,half,humorous,1,222,2.0,22578.0,8.858180529719195e-05,-9.331584079261548,2,Laplace,train_seen
9,humorous,resentment,1,11,2.0,22367.0,8.941744534358654e-05,-9.322194756750324,2,Laplace,train_seen
10,resentment,at,2,12,3.0,22368.0,0.00013412017167381974,-8.916774356365426,2,Laplace,train_seen
11,at,his,107,4235,108.0,26591.0,0.004061524575984355,-5.5061968645290325,2,Laplace,train_seen
12,his,departure,5,5597,6.0,27953.0,0.00021464601295030945,-8.446520338121191,2,Laplace,train_seen
13,departure,</s>,4,12,5.0,22368.0,0.00022353361945636624,-8.405948732599436,2,Laplace,train_seen
1,<s>,at,336,45412,337.0,67768.0,0.00497284854208476,-5.303762455759025,2,Laplace,test_unseen
2,at,one,36,4235,37.0,26591.0,0.0013914482343650107,-6.577410179009028,2,Laplace,test_unseen
3,one,time,18,2643,19.0,24999.0,0.0007600304012160486,-7.182152123883876,2,Laplace,test_unseen
4,time,to,120,1300,121.0,23656.0,0.005114981400067636,-5.275581515935572,2,Laplace,test_unseen
5,to,most,9,20879,10.0,43235.0,0.00023129409043598937,-8.371820538400485,2,Laplace,test_unseen
6,most,americans,3,924,4.0,23280.0,0.0001718213058419244,-8.669055540725484,2,Laplace,test_unseen
7,americans,unless,0,77,1.0,22433.0,4.457718539651406e-05,-10.018288368013305,2,Laplace,test_unseen
8,unless,they,7,85,8.0,22441.0,0.000356490352479836,-7.9392033802437405,2,Laplace,test_unseen
9,they,were,335,2908,336.0,25264.0,0.013299556681443952,-4.320024576532219,2,Laplace,test_unseen
10,were,fortunate,0,2628,1.0,24984.0,4.002561639449247e-05,-10.125990898962915,2,Laplace,test_unseen
11,fortunate,enough,1,16,2.0,22372.0,8.939746111210442e-05,-9.322418275381533,2,Laplace,test_unseen
12,enough,to,125,348,126.0,22704.0,0.005549682875264271,-5.194014492448346,2,Laplace,test_unseen
13,to,live,45,20879,46.0,43235.0,0.001063952816005551,-6.8457642349054355,2,Laplace,test_unseen
14,live,near,0,141,1.0,22497.0,4.445037116059919e-05,-10.021137245969499,2,Laplace,test_unseen
15,near,a,5,162,6.0,22518.0,0.0002664535038635758,-8.23031079913502,2,Laplace,test_unseen
16,a,body,15,18547,16.0,40903.0,0.0003911693518812801,-7.846369966734411,2,Laplace,test_unseen
17,body,of,28,224,29.0,22580.0,0.0012843224092116917,-6.657524007717179,2,Laplace,test_unseen
18,of,<UNK>,726,29164,727.0,51520.0,0.014111024844720496,-4.260798883244716,2,Laplace,test_unseen
19,<UNK>,water,5,14533,6.0,36889.0,0.00016265011249966114,-8.723909213378008,2,Laplace,test_unseen
20,water,boats,0,340,1.0,22696.0,4.406062742333451e-05,-10.029943976488687,2,Laplace,test_unseen
21,boats,were,2,39,3.0,22395.0,0.00013395847287340923,-8.91798070997329,2,Laplace,test_unseen
22,were,considered,3,2628,4.0,24984.0,0.0001601024655779699,-8.739696537843024,2,Laplace,test_unseen
23,considered,the,12,112,13.0,22468.0,0.0005786006765177141,-7.454897996190787,2,Laplace,test_unseen
24,the,sole,8,55780,9.0,78136.0,0.00011518378212347701,-9.068981599791094,2,Laplace,test_unseen
25,sole,concern,0,14,1.0,22370.0,4.470272686633885e-05,-10.015476054484175,2,Laplace,test_unseen
26,concern,of,13,81,14.0,22437.0,0.0006239693363640416,-7.379409331244519,2,Laplace,test_unseen
27,of,fishermen,0,29164,1.0,51520.0,1.940993788819876e-05,-10.849725360778235,2,Laplace,test_unseen
28,fishermen,rich,0,4,1.0,22360.0,4.472271914132379e-05,-10.015028927269036,2,Laplace,test_unseen
29,rich,people,1,62,2.0,22418.0,8.92140244446427e-05,-9.324472306021095,2,Laplace,test_unseen
30,people,and,25,671,26.0,23027.0,0.001129109306466322,-6.786326181436137,2,Laplace,test_unseen
31,and,the,1850,23041,1851.0,45397.0,0.04077361940216314,-3.1997199899774547,2,Laplace,test_unseen
32,the,united,308,55780,309.0,78136.0,0.003954643186239377,-5.532864900229567,2,Laplace,test_unseen
33,united,states,310,387,311.0,22743.0,0.013674537220243591,-4.292219772545179,2,Laplace,test_unseen
34,states,navy,1,475,2.0,22831.0,8.760019272042399e-05,-9.342727360019508,2,Laplace,test_unseen
35,navy,</s>,2,29,3.0,22385.0,0.00013401831583649765,-8.917534082006956,2,Laplace,test_unseen
1,<s> <s>,she,741,45412,741.0,45412.0,0.01631727296749758,-4.115531040988337,3,MLE,train_seen
2,<s> she,called,4,741,4.0,741.0,0.005398110661268556,-5.221706264176197,3,MLE,train_seen
3,she called,trying,1,8,1.0,8.0,0.125,-2.0794415416798357,3,MLE,train_seen
4,called trying,to,1,1,1.0,1.0,1.0,0.0,3,MLE,train_seen
5,trying to,attain,1,106,1.0,106.0,0.009433962264150943,-4.663439094112067,3,MLE,train_seen
6,to attain,a,2,14,2.0,14.0,0.14285714285714285,-1.9459101490553135,3,MLE,train_seen
7,attain a,half,1,2,1.0,2.0,0.5,-0.6931471805599453,3,MLE,train_seen
8,a half,humorous,1,29,1.0,29.0,0.034482758620689655,-3.367295829986474,3,MLE,train_seen
9,half humorous,resentment,1,1,1.0,1.0,1.0,0.0,3,MLE,train_seen
10,humorous resentment,at,1,1,1.0,1.0,1.0,0.0,3,MLE,train_seen
11,resentment at,his,1,2,1.0,2.0,0.5,-0.6931471805599453,3,MLE,train_seen
12,at his,departure,1,107,1.0,107.0,0.009345794392523364,-4.672828834461907,3,MLE,train_seen
13,his departure,</s>,2,5,2.0,5.0,0.4,-0.916290731874155,3,MLE,train_seen
1,<s> <s>,at,336,45412,336.0,45412.0,0.007398925394168942,-4.90642050632122,3,MLE,test_unseen
2,<s> at,one,12,336,12.0,336.0,0.03571428571428571,-3.332204510175204,3,MLE,test_unseen
3,at one,time,13,36,13.0,36.0,0.3611111111111111,-1.0185695809945732,3,MLE,test_unseen
4,one time,to,1,18,1.0,18.0,0.05555555555555555,-2.890371757896165,3,MLE,test_unseen
5,time to,most,0,120,0.0,120.0,0.0,-inf,3,MLE,test_unseen
6,to most,americans,0,9,0.0,9.0,0.0,-inf,3,MLE,test_unseen
7,most americans,unless,0,3,0.0,3.0,0.0,-inf,3,MLE,test_unseen
8,americans unless,they,0,0,0.0,0.0,0.0,-inf,3,MLE,test_unseen
9,unless they,were,0,7,0.0,7.0,0.0,-inf,3,MLE,test_unseen
10,they were,fortunate,0,335,0.0,335.0,0.0,-inf,3,MLE,test_unseen
11,were fortunate,enough,0,0,0.0,0.0,0.0,-inf,3,MLE,test_unseen
12,fortunate enough,to,1,1,1.0,1.0,1.0,0.0,3,MLE,test_unseen
13,enough to,live,0,125,0.0,125.0,0.0,-inf,3,MLE,test_unseen
14,to live,near,0,45,0.0,45.0,0.0,-inf,3,MLE,test_unseen
15,live near,a,0,0,0.0,0.0,0.0,-inf,3,MLE,test_unseen
16,near a,body,0,5,0.0,5.0,0.0,-inf,3,MLE,test_unseen
17,a body,of,7,15,7.0,15.0,0.4666666666666667,-0.7621400520468967,3,MLE,test_unseen
18,body of,<UNK>,0,28,0.0,28.0,0.0,-inf,3,MLE,test_unseen
19,of <UNK>,water,0,726,0.0,726.0,0.0,-inf,3,MLE,test_unseen
20,<UNK> water,boats,0,5,0.0,5.0,0.0,-inf,3,MLE,test_unseen
21,water boats,were,0,0,0.0,0.0,0.0,-inf,3,MLE,test_unseen
22,boats were,considered,0,2,0.0,2.0,0.0,-inf,3,MLE,test_unseen
23,were considered,the,0,3,0.0,3.0,0.0,-inf,3,MLE,test_unseen
24,considered the,sole,0,12,0.0,12.0,0.0,-inf,3,MLE,test_unseen
25,the sole,concern,0,8,0.0,8.0,0.0,-inf,3,MLE,test_unseen
26,sole concern,of,0,0,0.0,0.0,0.0,-inf,3,MLE,test_unseen
27,concern of,fishermen,0,13,0.0,13.0,0.0,-inf,3,MLE,test_unseen
28,of fishermen,rich,0,0,0.0,0.0,0.0,-inf,3,MLE,test_unseen
29,fishermen rich,people,0,0,0.0,0.0,0.0,-inf,3,MLE,test_unseen
30,rich people,and,0,1,0.0,1.0,0.0,-inf,3,MLE,test_unseen
31,people and,the,3,25,3.0,25.0,0.12,-2.120263536200091,3,MLE,test_unseen
32,and the,united,4,1850,4.0,1850.0,0.002162162162162162,-6.1366465569524795,3,MLE,test_unseen
33,the united,states,262,308,262.0,308.0,0.8506493506493507,-0.16175527921247762,3,MLE,test_unseen
34,united states,navy,1,310,1.0,310.0,0.0032258064516129032,-5.736572297479192,3,MLE,test_unseen
35,states navy,</s>,1,1,1.0,1.0,1.0,0.0,3,MLE,test_unseen
1,<s> <s>,she,741,45412,742.0,67768.0,0.01094912052886318,-4.514496142944006,3,Laplace,train_seen
2,<s> she,called,4,741,5.0,23097.0,0.00021647833051911504,-8.43802010551206,3,Laplace,train_seen
3,she called,trying,1,8,2.0,22364.0,8.942944017170452e-05,-9.32206062158659,3,Laplace,train_seen
4,called trying,to,1,1,2.0,22357.0,8.945744062262379e-05,-9.321747569550313,3,Laplace,train_seen
5,trying to,attain,1,106,2.0,22462.0,8.903926631644555e-05,-9.326433090963036,3,Laplace,train_seen
6,to attain,a,2,14,3.0,22370.0,0.00013410818059901653,-8.916863765816066,3,Laplace,train_seen
7,attain a,half,1,2,2.0,22358.0,8.94534394847482e-05,-9.321792297270326,3,Laplace,train_seen
8,a half,humorous,1,29,2.0,22385.0,8.934554389099843e-05,-9.322999190115121,3,Laplace,train_seen
9,half humorous,resentment,1,1,2.0,22357.0,8.945744062262379e-05,-9.321747569550313,3,Laplace,train_seen
10,humorous resentment,at,1,1,2.0,22357.0,8.945744062262379e-05,-9.321747569550313,3,Laplace,train_seen
11,resentment at,his,1,2,2.0,22358.0,8.94534394847482e-05,-9.321792297270326,3,Laplace,train_seen
12,at his,departure,1,107,2.0,22463.0,8.903530249744024e-05,-9.326477609605226,3,Laplace,train_seen
13,his departure,</s>,2,5,3.0,22361.0,0.00013416215732748983,-8.916461360320037,3,Laplace,train_seen
1,<s> <s>,at,336,45412,337.0,67768.0,0.00497284854208476,-5.303762455759025,3,Laplace,test_unseen
2,<s> at,one,12,336,13.0,22692.0,0.0005728891239203243,-7.464818360984921,3,Laplace,test_unseen
3,at one,time,13,36,14.0,22392.0,0.0006252232940335835,-7.37740170158003,3,Laplace,test_unseen
4,one time,to,1,18,2.0,22374.0,8.938946992044337e-05,-9.32250766884693,3,Laplace,test_unseen
5,time to,most,0,120,1.0,22476.0,4.4491902473749775e-05,-10.02020335223209,3,Laplace,test_unseen
6,to most,americans,0,9,1.0,22365.0,4.47127207690588e-05,-10.015252515866948,3,Laplace,test_unseen
7,most americans,unless,0,3,1.0,22359.0,4.472471935238606e-05,-10.014984203549803,3,Laplace,test_unseen
8,americans unless,they,0,0,1.0,22356.0,4.473072105922347e-05,-10.01485002038959,3,Laplace,test_unseen
9,unless they,were,0,7,1.0,22363.0,4.47167195814515e-05,-10.015163086426718,3,Laplace,test_unseen
10,they were,fortunate,0,335,1.0,22691.0,4.4070336256665636e-05,-10.02972364908127,3,Laplace,test_unseen
11,were fortunate,enough,0,0,1.0,22356.0,4.473072105922347e-05,-10.01485002038959,3,Laplace,test_unseen
12,fortunate enough,to,1,1,2.0,22357.0,8.945744062262379e-05,-9.321747569550313,3,Laplace,test_unseen
13,enough to,live,0,125,1.0,22481.0,4.448200702815711e-05,-10.02042578700401,3,Laplace,test_unseen
14,to live,near,0,45,1.0,22401.0,4.4640864247131826e-05,-10.016860879703811,3,Laplace,test_unseen
15,live near,a,0,0,1.0,22356.0,4.473072105922347e-05,-10.01485002038959,3,Laplace,test_unseen
16,near a,body,0,5,1.0,22361.0,4.4720719109163274e-05,-10.015073648988146,3,Laplace,test_unseen
17,a body,of,7,15,8.0,22371.0,0.00035760582897501227,-7.936079214532069,3,Laplace,test_unseen
18,body of,<UNK>,0,28,1.0,22384.0,4.467476769120801e-05,-10.016101696905263,3,Laplace,test_unseen
19,of <UNK>,water,0,726,1.0,23082.0,4.332380209687202e-05,-10.046808371980351,3,Laplace,test_unseen
20,<UNK> water,boats,0,5,1.0,22361.0,4.4720719109163274e-05,-10.015073648988146,3,Laplace,test_unseen
21,water boats,were,0,0,1.0,22356.0,4.473072105922347e-05,-10.01485002038959,3,Laplace,test_unseen
22,boats were,considered,0,2,1.0,22358.0,4.47267197423741e-05,-10.014939477830271,3,Laplace,test_unseen
23,were considered,the,0,3,1.0,22359.0,4.472471935238606e-05,-10.014984203549803,3,Laplace,test_unseen
24,considered the,sole,0,12,1.0,22368.0,4.470672389127325e-05,-10.015386645033537,3,Laplace,test_unseen
25,the sole,concern,0,8,1.0,22364.0,4.471472008585226e-05,-10.015207802146536,3,Laplace,test_unseen
26,sole concern,of,0,0,1.0,22356.0,4.473072105922347e-05,-10.01485002038959,3,Laplace,test_unseen
27,concern of,fishermen,0,13,1.0,22369.0,4.4704725289463095e-05,-10.015431350758112,3,Laplace,test_unseen
28,of fishermen,rich,0,0,1.0,22356.0,4.473072105922347e-05,-10.01485002038959,3,Laplace,test_unseen
29,fishermen rich,people,0,0,1.0,22356.0,4.473072105922347e-05,-10.01485002038959,3,Laplace,test_unseen
30,rich people,and,0,1,1.0,22357.0,4.4728720311311895e-05,-10.014894750110258,3,Laplace,test_unseen
31,people and,the,3,25,4.0,22381.0,0.00017872302399356597,-8.629673302500239,3,Laplace,test_unseen
32,and the,united,4,1850,5.0,24206.0,0.0002065603569362968,-8.48491790286445,3,Laplace,test_unseen
33,the united,states,262,308,263.0,22664.0,0.01160430638898694,-4.456379009332588,3,Laplace,test_unseen
34,united states,navy,1,310,2.0,22666.0,8.823788934968675e-05,-9.335474102732949,3,Laplace,test_unseen
35,states navy,</s>,1,1,2.0,22357.0,8.945744062262379e-05,-9.321747569550313,3,Laplace,test_unseen
