step,context,target,count,context_count,numerator,denominator,P,log_P
1,<s>,she,741,45412,742.0,67768.0,0.01094912052886318,-4.514496142944006
2,she,called,8,2272,9.0,24628.0,0.00036543771317199935,-7.914414708694881
3,called,trying,1,325,2.0,22681.0,8.817953353026762e-05,-9.336135668020491
4,trying,to,106,129,107.0,22485.0,0.0047587280409161666,-5.3477748647429015
5,to,attain,14,20879,15.0,43235.0,0.00034694113565398406,-7.96635543029232
6,attain,a,2,16,3.0,22372.0,0.00013409619166815663,-8.91695316727337
7,a,half,29,18547,30.0,40903.0,0.0007334425347774002,-7.217761307312037
8,half,humorous,1,222,2.0,22578.0,8.858180529719195e-05,-9.331584079261548
9,humorous,resentment,1,11,2.0,22367.0,8.941744534358654e-05,-9.322194756750324
10,resentment,at,2,12,3.0,22368.0,0.00013412017167381974,-8.916774356365426
11,at,his,107,4235,108.0,26591.0,0.004061524575984355,-5.5061968645290325
12,his,departure,5,5597,6.0,27953.0,0.00021464601295030945,-8.446520338121191
13,departure,she,0,12,1.0,22368.0,4.470672389127325e-05,-10.015386645033537
14,she,called,8,2272,9.0,24628.0,0.00036543771317199935,-7.914414708694881
15,called,trying,1,325,2.0,22681.0,8.817953353026762e-05,-9.336135668020491
16,trying,to,106,129,107.0,22485.0,0.0047587280409161666,-5.3477748647429015
17,to,attain,14,20879,15.0,43235.0,0.00034694113565398406,-7.96635543029232
18,attain,a,2,16,3.0,22372.0,0.00013409619166815663,-8.91695316727337
19,a,half,29,18547,30.0,40903.0,0.0007334425347774002,-7.217761307312037
20,half,humorous,1,222,2.0,22578.0,8.858180529719195e-05,-9.331584079261548
21,humorous,resentment,1,11,2.0,22367.0,8.941744534358654e-05,-9.322194756750324
22,resentment,at,2,12,3.0,22368.0,0.00013412017167381974,-8.916774356365426
23,at,his,107,4235,108.0,26591.0,0.004061524575984355,-5.5061968645290325
24,his,departure,5,5597,6.0,27953.0,0.00021464601295030945,-8.446520338121191
25,departure,she,0,12,1.0,22368.0,4.470672389127325e-05,-10.015386645033537
26,she,called,8,2272,9.0,24628.0,0.00036543771317199935,-7.914414708694881
27,called,trying,1,325,2.0,22681.0,8.817953353026762e-05,-9.336135668020491
28,trying,to,106,129,107.0,22485.0,0.0047587280409161666,-5.3477748647429015
29,to,attain,14,20879,15.0,43235.0,0.00034694113565398406,-7.96635543029232
30,attain,a,2,16,3.0,22372.0,0.00013409619166815663,-8.91695316727337
31,a,half,29,18547,30.0,40903.0,0.0007334425347774002,-7.217761307312037
32,half,humorous,1,222,2.0,22578.0,8.858180529719195e-05,-9.331584079261548
33,humorous,resentment,1,11,2.0,22367.0,8.941744534358654e-05,-9.322194756750324
34,resentment,at,2,12,3.0,22368.0,0.00013412017167381974,-8.916774356365426
35,at,his,107,4235,108.0,26591.0,0.004061524575984355,-5.5061968645290325
36,his,departure,5,5597,6.0,27953.0,0.00021464601295030945,-8.446520338121191
37,departure,she,0,12,1.0,22368.0,4.470672389127325e-05,-10.015386645033537
38,she,called,8,2272,9.0,24628.0,0.00036543771317199935,-7.914414708694881
39,called,trying,1,325,2.0,22681.0,8.817953353026762e-05,-9.336135668020491
40,trying,to,106,129,107.0,22485.0,0.0047587280409161666,-5.3477748647429015
41,to,attain,14,20879,15.0,43235.0,0.00034694113565398406,-7.96635543029232
42,attain,a,2,16,3.0,22372.0,0.00013409619166815663,-8.91695316727337
43,a,half,29,18547,30.0,40903.0,0.0007334425347774002,-7.217761307312037
44,half,humorous,1,222,2.0,22578.0,8.858180529719195e-05,-9.331584079261548
45,humorous,resentment,1,11,2.0,22367.0,8.941744534358654e-05,-9.322194756750324
46,resentment,at,2,12,3.0,22368.0,0.00013412017167381974,-8.916774356365426
47,at,his,107,4235,108.0,26591.0,0.004061524575984355,-5.5061968645290325
48,his,departure,5,5597,6.0,27953.0,0.00021464601295030945,-8.446520338121191
49,departure,she,0,12,1.0,22368.0,4.470672389127325e-05,-10.015386645033537
50,she,called,8,2272,9.0,24628.0,0.00036543771317199935,-7.914414708694881
51,called,trying,1,325,2.0,22681.0,8.817953353026762e-05,-9.336135668020491
52,trying,to,106,129,107.0,22485.0,0.0047587280409161666,-5.3477748647429015
53,to,attain,14,20879,15.0,43235.0,0.00034694113565398406,-7.96635543029232
54,attain,a,2,16,3.0,22372.0,0.00013409619166815663,-8.91695316727337
55,a,half,29,18547,30.0,40903.0,0.0007334425347774002,-7.217761307312037
56,half,humorous,1,222,2.0,22578.0,8.858180529719195e-05,-9.331584079261548
57,humorous,resentment,1,11,2.0,22367.0,8.941744534358654e-05,-9.322194756750324
58,resentment,at,2,12,3.0,22368.0,0.00013412017167381974,-8.916774356365426
59,at,his,107,4235,108.0,26591.0,0.004061524575984355,-5.5061968645290325
60,his,departure,5,5597,6.0,27953.0,0.00021464601295030945,-8.446520338121191
61,departure,she,0,12,1.0,22368.0,4.470672389127325e-05,-10.015386645033537
62,she,called,8,2272,9.0,24628.0,0.00036543771317199935,-7.914414708694881
63,called,trying,1,325,2.0,22681.0,8.817953353026762e-05,-9.336135668020491
64,trying,to,106,129,107.0,22485.0,0.0047587280409161666,-5.3477748647429015
65,to,attain,14,20879,15.0,43235.0,0.00034694113565398406,-7.96635543029232
66,attain,a,2,16,3.0,22372.0,0.00013409619166815663,-8.91695316727337
67,a,half,29,18547,30.0,40903.0,0.0007334425347774002,-7.217761307312037
68,half,humorous,1,222,2.0,22578.0,8.858180529719195e-05,-9.331584079261548
69,humorous,resentment,1,11,2.0,22367.0,8.941744534358654e-05,-9.322194756750324
70,resentment,at,2,12,3.0,22368.0,0.00013412017167381974,-8.916774356365426
71,at,his,107,4235,108.0,26591.0,0.004061524575984355,-5.5061968645290325
72,his,departure,5,5597,6.0,27953.0,0.00021464601295030945,-8.446520338121191
73,departure,she,0,12,1.0,22368.0,4.470672389127325e-05,-10.015386645033537
74,she,called,8,2272,9.0,24628.0,0.00036543771317199935,-7.914414708694881
75,called,trying,1,325,2.0,22681.0,8.817953353026762e-05,-9.336135668020491
76,trying,to,106,129,107.0,22485.0,0.0047587280409161666,-5.3477748647429015
77,to,attain,14,20879,15.0,43235.0,0.00034694113565398406,-7.96635543029232
78,attain,a,2,16,3.0,22372.0,0.00013409619166815663,-8.91695316727337
79,a,half,29,18547,30.0,40903.0,0.0007334425347774002,-7.217761307312037
80,half,humorous,1,222,2.0,22578.0,8.858180529719195e-05,-9.331584079261548
81,humorous,resentment,1,11,2.0,22367.0,8.941744534358654e-05,-9.322194756750324
82,resentment,at,2,12,3.0,22368.0,0.00013412017167381974,-8.916774356365426
83,at,his,107,4235,108.0,26591.0,0.004061524575984355,-5.5061968645290325
84,his,departure,5,5597,6.0,27953.0,0.00021464601295030945,-8.446520338121191
85,departure,she,0,12,1.0,22368.0,4.470672389127325e-05,-10.015386645033537
86,she,called,8,2272,9.0,24628.0,0.00036543771317199935,-7.914414708694881
87,called,trying,1,325,2.0,22681.0,8.817953353026762e-05,-9.336135668020491
88,trying,to,106,129,107.0,22485.0,0.0047587280409161666,-5.3477748647429015
89,to,attain,14,20879,15.0,43235.0,0.00034694113565398406,-7.96635543029232
90,attain,a,2,16,3.0,22372.0,0.00013409619166815663,-8.91695316727337
91,a,half,29,18547,30.0,40903.0,0.0007334425347774002,-7.217761307312037
92,half,humorous,1,222,2.0,22578.0,8.858180529719195e-05,-9.331584079261548
93,humorous,resentment,1,11,2.0,22367.0,8.941744534358654e-05,-9.322194756750324
94,resentment,at,2,12,3.0,22368.0,0.00013412017167381974,-8.916774356365426
95,at,his,107,4235,108.0,26591.0,0.004061524575984355,-5.5061968645290325
96,his,departure,5,5597,6.0,27953.0,0.00021464601295030945,-8.446520338121191
97,departure,she,0,12,1.0,22368.0,4.470672389127325e-05,-10.015386645033537
98,she,called,8,2272,9.0,24628.0,0.00036543771317199935,-7.914414708694881
99,called,trying,1,325,2.0,22681.0,8.817953353026762e-05,-9.336135668020491
100,trying,to,106,129,107.0,22485.0,0.0047587280409161666,-5.3477748647429015
101,to,attain,14,20879,15.0,43235.0,0.00034694113565398406,-7.96635543029232
102,attain,a,2,16,3.0,22372.0,0.00013409619166815663,-8.91695316727337
103,a,half,29,18547,30.0,40903.0,0.0007334425347774002,-7.217761307312037
104,half,humorous,1,222,2.0,22578.0,8.858180529719195e-05,-9.331584079261548
105,humorous,resentment,1,11,2.0,22367.0,8.941744534358654e-05,-9.322194756750324
106,resentment,at,2,12,3.0,22368.0,0.00013412017167381974,-8.916774356365426
107,at,his,107,4235,108.0,26591.0,0.004061524575984355,-5.5061968645290325
108,his,departure,5,5597,6.0,27953.0,0.00021464601295030945,-8.446520338121191
109,departure,she,0,12,1.0,22368.0,4.470672389127325e-05,-10.015386645033537
110,she,called,8,2272,9.0,24628.0,0.00036543771317199935,-7.914414708694881
111,called,trying,1,325,2.0,22681.0,8.817953353026762e-05,-9.336135668020491
112,trying,to,106,129,107.0,22485.0,0.0047587280409161666,-5.3477748647429015
113,to,attain,14,20879,15.0,43235.0,0.00034694113565398406,-7.96635543029232
114,attain,a,2,16,3.0,22372.0,0.00013409619166815663,-8.91695316727337
115,a,half,29,18547,30.0,40903.0,0.0007334425347774002,-7.217761307312037
116,half,humorous,1,222,2.0,22578.0,8.858180529719195e-05,-9.331584079261548
117,humorous,resentment,1,11,2.0,22367.0,8.941744534358654e-05,-9.322194756750324
118,resentment,at,2,12,3.0,22368.0,0.00013412017167381974,-8.916774356365426
119,at,his,107,4235,108.0,26591.0,0.004061524575984355,-5.5061968645290325
120,his,departure,5,5597,6.0,27953.0,0.00021464601295030945,-8.446520338121191
121,departure,she,0,12,1.0,22368.0,4.470672389127325e-05,-10.015386645033537
122,she,called,8,2272,9.0,24628.0,0.00036543771317199935,-7.914414708694881
123,called,trying,1,325,2.0,22681.0,8.817953353026762e-05,-9.336135668020491
124,trying,to,106,129,107.0,22485.0,0.0047587280409161666,-5.3477748647429015
125,to,attain,14,20879,15.0,43235.0,0.00034694113565398406,-7.96635543029232
126,attain,a,2,16,3.0,22372.0,0.00013409619166815663,-8.91695316727337
127,a,half,29,18547,30.0,40903.0,0.0007334425347774002,-7.217761307312037
128,half,humorous,1,222,2.0,22578.0,8.858180529719195e-05,-9.331584079261548
129,humorous,resentment,1,11,2.0,22367.0,8.941744534358654e-05,-9.322194756750324
130,resentment,at,2,12,3.0,22368.0,0.00013412017167381974,-8.916774356365426
131,at,his,107,4235,108.0,26591.0,0.004061524575984355,-5.5061968645290325
132,his,departure,5,5597,6.0,27953.0,0.00021464601295030945,-8.446520338121191
133,departure,she,0,12,1.0,22368.0,4.470672389127325e-05,-10.015386645033537
134,she,called,8,2272,9.0,24628.0,0.00036543771317199935,-7.914414708694881
135,called,trying,1,325,2.0,22681.0,8.817953353026762e-05,-9.336135668020491
136,trying,to,106,129,107.0,22485.0,0.0047587280409161666,-5.3477748647429015
137,to,attain,14,20879,15.0,43235.0,0.00034694113565398406,-7.96635543029232
138,attain,a,2,16,3.0,22372.0,0.00013409619166815663,-8.91695316727337
139,a,half,29,18547,30.0,40903.0,0.0007334425347774002,-7.217761307312037
140,half,humorous,1,222,2.0,22578.0,8.858180529719195e-05,-9.331584079261548
141,humorous,resentment,1,11,2.0,22367.0,8.941744534358654e-05,-9.322194756750324
142,resentment,at,2,12,3.0,22368.0,0.00013412017167381974,-8.916774356365426
143,at,his,107,4235,108.0,26591.0,0.004061524575984355,-5.5061968645290325
144,his,departure,5,5597,6.0,27953.0,0.00021464601295030945,-8.446520338121191
145,departure,she,0,12,1.0,22368.0,4.470672389127325e-05,-10.015386645033537
146,she,called,8,2272,9.0,24628.0,0.00036543771317199935,-7.914414708694881
147,called,trying,1,325,2.0,22681.0,8.817953353026762e-05,-9.336135668020491
148,trying,to,106,129,107.0,22485.0,0.0047587280409161666,-5.3477748647429015
149,to,attain,14,20879,15.0,43235.0,0.00034694113565398406,-7.96635543029232
150,attain,a,2,16,3.0,22372.0,0.00013409619166815663,-8.91695316727337
151,a,half,29,18547,30.0,40903.0,0.0007334425347774002,-7.217761307312037
152,half,humorous,1,222,2.0,22578.0,8.858180529719195e-05,-9.331584079261548
153,humorous,resentment,1,11,2.0,22367.0,8.941744534358654e-05,-9.322194756750324
154,resentment,at,2,12,3.0,22368.0,0.00013412017167381974,-8.916774356365426
155,at,his,107,4235,108.0,26591.0,0.004061524575984355,-5.5061968645290325
156,his,departure,5,5597,6.0,27953.0,0.00021464601295030945,-8.446520338121191
157,departure,she,0,12,1.0,22368.0,4.470672389127325e-05,-10.015386645033537
158,she,called,8,2272,9.0,24628.0,0.00036543771317199935,-7.914414708694881
159,called,trying,1,325,2.0,22681.0,8.817953353026762e-05,-9.336135668020491
160,trying,to,106,129,107.0,22485.0,0.0047587280409161666,-5.3477748647429015
161,to,attain,14,20879,15.0,43235.0,0.00034694113565398406,-7.96635543029232
162,attain,a,2,16,3.0,22372.0,0.00013409619166815663,-8.91695316727337
163,a,half,29,18547,30.0,40903.0,0.0007334425347774002,-7.217761307312037
164,half,humorous,1,222,2.0,22578.0,8.858180529719195e-05,-9.331584079261548
165,humorous,resentment,1,11,2.0,22367.0,8.941744534358654e-05,-9.322194756750324
166,resentment,at,2,12,3.0,22368.0,0.00013412017167381974,-8.916774356365426
167,at,his,107,4235,108.0,26591.0,0.004061524575984355,-5.5061968645290325
168,his,departure,5,5597,6.0,27953.0,0.00021464601295030945,-8.446520338121191
169,departure,she,0,12,1.0,22368.0,4.470672389127325e-05,-10.015386645033537
170,she,called,8,2272,9.0,24628.0,0.00036543771317199935,-7.914414708694881
171,called,trying,1,325,2.0,22681.0,8.817953353026762e-05,-9.336135668020491
172,trying,to,106,129,107.0,22485.0,0.0047587280409161666,-5.3477748647429015
173,to,attain,14,20879,15.0,43235.0,0.00034694113565398406,-7.96635543029232
174,attain,a,2,16,3.0,22372.0,0.00013409619166815663,-8.91695316727337
175,a,half,29,18547,30.0,40903.0,0.0007334425347774002,-7.217761307312037
176,half,humorous,1,222,2.0,22578.0,8.858180529719195e-05,-9.331584079261548
177,humorous,resentment,1,11,2.0,22367.0,8.941744534358654e-05,-9.322194756750324
178,resentment,at,2,12,3.0,22368.0,0.00013412017167381974,-8.916774356365426
179,at,his,107,4235,108.0,26591.0,0.004061524575984355,-5.5061968645290325
180,his,departure,5,5597,6.0,27953.0,0.00021464601295030945,-8.446520338121191
181,departure,she,0,12,1.0,22368.0,4.470672389127325e-05,-10.015386645033537
182,she,called,8,2272,9.0,24628.0,0.00036543771317199935,-7.914414708694881
183,called,trying,1,325,2.0,22681.0,8.817953353026762e-05,-9.336135668020491
184,trying,to,106,129,107.0,22485.0,0.0047587280409161666,-5.3477748647429015
185,to,attain,14,20879,15.0,43235.0,0.00034694113565398406,-7.96635543029232
186,attain,a,2,16,3.0,22372.0,0.00013409619166815663,-8.91695316727337
187,a,half,29,18547,30.0,40903.0,0.0007334425347774002,-7.217761307312037
188,half,humorous,1,222,2.0,22578.0,8.858180529719195e-05,-9.331584079261548
189,humorous,resentment,1,11,2.0,22367.0,8.941744534358654e-05,-9.322194756750324
190,resentment,at,2,12,3.0,22368.0,0.00013412017167381974,-8.916774356365426
191,at,his,107,4235,108.0,26591.0,0.004061524575984355,-5.5061968645290325
192,his,departure,5,5597,6.0,27953.0,0.00021464601295030945,-8.446520338121191
193,departure,she,0,12,1.0,22368.0,4.470672389127325e-05,-10.015386645033537
194,she,called,8,2272,9.0,24628.0,0.00036543771317199935,-7.914414708694881
195,called,trying,1,325,2.0,22681.0,8.817953353026762e-05,-9.336135668020491
196,trying,to,106,129,107.0,22485.0,0.0047587280409161666,-5.3477748647429015
197,to,attain,14,20879,15.0,43235.0,0.00034694113565398406,-7.96635543029232
198,attain,a,2,16,3.0,22372.0,0.00013409619166815663,-8.91695316727337
199,a,half,29,18547,30.0,40903.0,0.0007334425347774002,-7.217761307312037
200,half,humorous,1,222,2.0,22578.0,8.858180529719195e-05,-9.331584079261548
201,humorous,resentment,1,11,2.0,22367.0,8.941744534358654e-05,-9.322194756750324
202,resentment,at,2,12,3.0,22368.0,0.00013412017167381974,-8.916774356365426
203,at,his,107,4235,108.0,26591.0,0.004061524575984355,-5.5061968645290325
204,his,departure,5,5597,6.0,27953.0,0.00021464601295030945,-8.446520338121191
205,departure,she,0,12,1.0,22368.0,4.470672389127325e-05,-10.015386645033537
206,she,called,8,2272,9.0,24628.0,0.00036543771317199935,-7.914414708694881
207,called,trying,1,325,2.0,22681.0,8.817953353026762e-05,-9.336135668020491
208,trying,to,106,129,107.0,22485.0,0.0047587280409161666,-5.3477748647429015
209,to,attain,14,20879,15.0,43235.0,0.00034694113565398406,-7.96635543029232
210,attain,a,2,16,3.0,22372.0,0.00013409619166815663,-8.91695316727337
211,a,half,29,18547,30.0,40903.0,0.0007334425347774002,-7.217761307312037
212,half,humorous,1,222,2.0,22578.0,8.858180529719195e-05,-9.331584079261548
213,humorous,resentment,1,11,2.0,22367.0,8.941744534358654e-05,-9.322194756750324
214,resentment,at,2,12,3.0,22368.0,0.00013412017167381974,-8.916774356365426
215,at,his,107,4235,108.0,26591.0,0.004061524575984355,-5.5061968645290325
216,his,departure,5,5597,6.0,27953.0,0.00021464601295030945,-8.446520338121191
217,departure,she,0,12,1.0,22368.0,4.470672389127325e-05,-10.015386645033537
218,she,called,8,2272,9.0,24628.0,0.00036543771317199935,-7.914414708694881
219,called,trying,1,325,2.0,22681.0,8.817953353026762e-05,-9.336135668020491
220,trying,to,106,129,107.0,22485.0,0.0047587280409161666,-5.3477748647429015
221,to,attain,14,20879,15.0,43235.0,0.00034694113565398406,-7.96635543029232
222,attain,a,2,16,3.0,22372.0,0.00013409619166815663,-8.91695316727337
223,a,half,29,18547,30.0,40903.0,0.0007334425347774002,-7.217761307312037
224,half,humorous,1,222,2.0,22578.0,8.858180529719195e-05,-9.331584079261548
225,humorous,resentment,1,11,2.0,22367.0,8.941744534358654e-05,-9.322194756750324
226,resentment,at,2,12,3.0,22368.0,0.00013412017167381974,-8.916774356365426
227,at,his,107,4235,108.0,26591.0,0.004061524575984355,-5.5061968645290325
228,his,departure,5,5597,6.0,27953.0,0.00021464601295030945,-8.446520338121191
229,departure,she,0,12,1.0,22368.0,4.470672389127325e-05,-10.015386645033537
230,she,called,8,2272,9.0,24628.0,0.00036543771317199935,-7.914414708694881
231,called,trying,1,325,2.0,22681.0,8.817953353026762e-05,-9.336135668020491
232,trying,to,106,129,107.0,22485.0,0.0047587280409161666,-5.3477748647429015
233,to,attain,14,20879,15.0,43235.0,0.00034694113565398406,-7.96635543029232
234,attain,a,2,16,3.0,22372.0,0.00013409619166815663,-8.91695316727337
235,a,half,29,18547,30.0,40903.0,0.0007334425347774002,-7.217761307312037
236,half,humorous,1,222,2.0,22578.0,8.858180529719195e-05,-9.331584079261548
237,humorous,resentment,1,11,2.0,22367.0,8.941744534358654e-05,-9.322194756750324
238,resentment,at,2,12,3.0,22368.0,0.00013412017167381974,-8.916774356365426
239,at,his,107,4235,108.0,26591.0,0.004061524575984355,-5.5061968645290325
240,his,departure,5,5597,6.0,27953.0,0.00021464601295030945,-8.446520338121191
241,departure,she,0,12,1.0,22368.0,4.470672389127325e-05,-10.015386645033537
242,she,called,8,2272,9.0,24628.0,0.00036543771317199935,-7.914414708694881
243,called,trying,1,325,2.0,22681.0,8.817953353026762e-05,-9.336135668020491
244,trying,to,106,129,107.0,22485.0,0.0047587280409161666,-5.3477748647429015
245,to,attain,14,20879,15.0,43235.0,0.00034694113565398406,-7.96635543029232
246,attain,a,2,16,3.0,22372.0,0.00013409619166815663,-8.91695316727337
247,a,half,29,18547,30.0,40903.0,0.0007334425347774002,-7.217761307312037
248,half,humorous,1,222,2.0,22578.0,8.858180529719195e-05,-9.331584079261548
249,humorous,resentment,1,11,2.0,22367.0,8.941744534358654e-05,-9.322194756750324
250,resentment,at,2,12,3.0,22368.0,0.00013412017167381974,-8.916774356365426
251,at,his,107,4235,108.0,26591.0,0.004061524575984355,-5.5061968645290325
252,his,departure,5,5597,6.0,27953.0,0.00021464601295030945,-8.446520338121191
253,departure,she,0,12,1.0,22368.0,4.470672389127325e-05,-10.015386645033537
254,she,called,8,2272,9.0,24628.0,0.00036543771317199935,-7.914414708694881
255,called,trying,1,325,2.0,22681.0,8.817953353026762e-05,-9.336135668020491
256,trying,to,106,129,107.0,22485.0,0.0047587280409161666,-5.3477748647429015
257,to,attain,14,20879,15.0,43235.0,0.00034694113565398406,-7.96635543029232
258,attain,a,2,16,3.0,22372.0,0.00013409619166815663,-8.91695316727337
259,a,half,29,18547,30.0,40903.0,0.0007334425347774002,-7.217761307312037
260,half,humorous,1,222,2.0,22578.0,8.858180529719195e-05,-9.331584079261548
261,humorous,resentment,1,11,2.0,22367.0,8.941744534358654e-05,-9.322194756750324
262,resentment,at,2,12,3.0,22368.0,0.00013412017167381974,-8.916774356365426
263,at,his,107,4235,108.0,26591.0,0.004061524575984355,-5.5061968645290325
264,his,departure,5,5597,6.0,27953.0,0.00021464601295030945,-8.446520338121191
265,departure,she,0,12,1.0,22368.0,4.470672389127325e-05,-10.015386645033537
266,she,called,8,2272,9.0,24628.0,0.00036543771317199935,-7.914414708694881
267,called,trying,1,325,2.0,22681.0,8.817953353026762e-05,-9.336135668020491
268,trying,to,106,129,107.0,22485.0,0.0047587280409161666,-5.3477748647429015
269,to,attain,14,20879,15.0,43235.0,0.00034694113565398406,-7.96635543029232
270,attain,a,2,16,3.0,22372.0,0.00013409619166815663,-8.91695316727337
271,a,half,29,18547,30.0,40903.0,0.0007334425347774002,-7.217761307312037
272,half,humorous,1,222,2.0,22578.0,8.858180529719195e-05,-9.331584079261548
273,humorous,resentment,1,11,2.0,22367.0,8.941744534358654e-05,-9.322194756750324
274,resentment,at,2,12,3.0,22368.0,0.00013412017167381974,-8.916774356365426
275,at,his,107,4235,108.0,26591.0,0.004061524575984355,-5.5061968645290325
276,his,departure,5,5597,6.0,27953.0,0.00021464601295030945,-8.446520338121191
277,departure,she,0,12,1.0,22368.0,4.470672389127325e-05,-10.015386645033537
278,she,called,8,2272,9.0,24628.0,0.00036543771317199935,-7.914414708694881
279,called,trying,1,325,2.0,22681.0,8.817953353026762e-05,-9.336135668020491
280,trying,to,106,129,107.0,22485.0,0.0047587280409161666,-5.3477748647429015
281,to,attain,14,20879,15.0,43235.0,0.00034694113565398406,-7.96635543029232
282,attain,a,2,16,3.0,22372.0,0.00013409619166815663,-8.91695316727337
283,a,half,29,18547,30.0,40903.0,0.0007334425347774002,-7.217761307312037
284,half,humorous,1,222,2.0,22578.0,8.858180529719195e-05,-9.331584079261548
285,humorous,resentment,1,11,2.0,22367.0,8.941744534358654e-05,-9.322194756750324
286,resentment,at,2,12,3.0,22368.0,0.00013412017167381974,-8.916774356365426
287,at,his,107,4235,108.0,26591.0,0.004061524575984355,-5.5061968645290325
288,his,departure,5,5597,6.0,27953.0,0.00021464601295030945,-8.446520338121191
289,departure,she,0,12,1.0,22368.0,4.470672389127325e-05,-10.015386645033537
290,she,called,8,2272,9.0,24628.0,0.00036543771317199935,-7.914414708694881
291,called,trying,1,325,2.0,22681.0,8.817953353026762e-05,-9.336135668020491
292,trying,to,106,129,107.0,22485.0,0.0047587280409161666,-5.3477748647429015
293,to,attain,14,20879,15.0,43235.0,0.00034694113565398406,-7.96635543029232
294,attain,a,2,16,3.0,22372.0,0.00013409619166815663,-8.91695316727337
295,a,half,29,18547,30.0,40903.0,0.0007334425347774002,-7.217761307312037
296,half,humorous,1,222,2.0,22578.0,8.858180529719195e-05,-9.331584079261548
297,humorous,resentment,1,11,2.0,22367.0,8.941744534358654e-05,-9.322194756750324
298,resentment,at,2,12,3.0,22368.0,0.00013412017167381974,-8.916774356365426
299,at,his,107,4235,108.0,26591.0,0.004061524575984355,-5.5061968645290325
300,his,departure,5,5597,6.0,27953.0,0.00021464601295030945,-8.446520338121191
301,departure,she,0,12,1.0,22368.0,4.470672389127325e-05,-10.015386645033537
302,she,called,8,2272,9.0,24628.0,0.00036543771317199935,-7.914414708694881
303,called,trying,1,325,2.0,22681.0,8.817953353026762e-05,-9.336135668020491
304,trying,to,106,129,107.0,22485.0,0.0047587280409161666,-5.3477748647429015
305,to,attain,14,20879,15.0,43235.0,0.00034694113565398406,-7.96635543029232
306,attain,a,2,16,3.0,22372.0,0.00013409619166815663,-8.91695316727337
307,a,half,29,18547,30.0,40903.0,0.0007334425347774002,-7.217761307312037
308,half,humorous,1,222,2.0,22578.0,8.858180529719195e-05,-9.331584079261548
309,humorous,resentment,1,11,2.0,22367.0,8.941744534358654e-05,-9.322194756750324
310,resentment,at,2,12,3.0,22368.0,0.00013412017167381974,-8.916774356365426
311,at,his,107,4235,108.0,26591.0,0.004061524575984355,-5.5061968645290325
312,his,departure,5,5597,6.0,27953.0,0.00021464601295030945,-8.446520338121191
313,departure,she,0,12,1.0,22368.0,4.470672389127325e-05,-10.015386645033537
314,she,called,8,2272,9.0,24628.0,0.00036543771317199935,-7.914414708694881
315,called,trying,1,325,2.0,22681.0,8.817953353026762e-05,-9.336135668020491
316,trying,to,106,129,107.0,22485.0,0.0047587280409161666,-5.3477748647429015
317,to,attain,14,20879,15.0,43235.0,0.00034694113565398406,-7.96635543029232
318,attain,a,2,16,3.0,22372.0,0.00013409619166815663,-8.91695316727337
319,a,half,29,18547,30.0,40903.0,0.0007334425347774002,-7.217761307312037
320,half,humorous,1,222,2.0,22578.0,8.858180529719195e-05,-9.331584079261548
321,humorous,resentment,1,11,2.0,22367.0,8.941744534358654e-05,-9.322194756750324
322,resentment,at,2,12,3.0,22368.0,0.00013412017167381974,-8.916774356365426
323,at,his,107,4235,108.0,26591.0,0.004061524575984355,-5.5061968645290325
324,his,departure,5,5597,6.0,27953.0,0.00021464601295030945,-8.446520338121191
325,departure,she,0,12,1.0,22368.0,4.470672389127325e-05,-10.015386645033537
326,she,called,8,2272,9.0,24628.0,0.00036543771317199935,-7.914414708694881
327,called,trying,1,325,2.0,22681.0,8.817953353026762e-05,-9.336135668020491
328,trying,to,106,129,107.0,22485.0,0.0047587280409161666,-5.3477748647429015
329,to,attain,14,20879,15.0,43235.0,0.00034694113565398406,-7.96635543029232
330,attain,a,2,16,3.0,22372.0,0.00013409619166815663,-8.91695316727337
331,a,half,29,18547,30.0,40903.0,0.0007334425347774002,-7.217761307312037
332,half,humorous,1,222,2.0,22578.0,8.858180529719195e-05,-9.331584079261548
333,humorous,resentment,1,11,2.0,22367.0,8.941744534358654e-05,-9.322194756750324
334,resentment,at,2,12,3.0,22368.0,0.00013412017167381974,-8.916774356365426
335,at,his,107,4235,108.0,26591.0,0.004061524575984355,-5.5061968645290325
336,his,departure,5,5597,6.0,27953.0,0.00021464601295030945,-8.446520338121191
337,departure,she,0,12,1.0,22368.0,4.470672389127325e-05,-10.015386645033537
338,she,called,8,2272,9.0,24628.0,0.00036543771317199935,-7.914414708694881
339,called,trying,1,325,2.0,22681.0,8.817953353026762e-05,-9.336135668020491
340,trying,to,106,129,107.0,22485.0,0.0047587280409161666,-5.3477748647429015
341,to,attain,14,20879,15.0,43235.0,0.00034694113565398406,-7.96635543029232
342,attain,a,2,16,3.0,22372.0,0.00013409619166815663,-8.91695316727337
343,a,half,29,18547,30.0,40903.0,0.0007334425347774002,-7.217761307312037
344,half,humorous,1,222,2.0,22578.0,8.858180529719195e-05,-9.331584079261548
345,humorous,resentment,1,11,2.0,22367.0,8.941744534358654e-05,-9.322194756750324
346,resentment,at,2,12,3.0,22368.0,0.00013412017167381974,-8.916774356365426
347,at,his,107,4235,108.0,26591.0,0.004061524575984355,-5.5061968645290325
348,his,departure,5,5597,6.0,27953.0,0.00021464601295030945,-8.446520338121191
349,departure,she,0,12,1.0,22368.0,4.470672389127325e-05,-10.015386645033537
350,she,called,8,2272,9.0,24628.0,0.00036543771317199935,-7.914414708694881
351,called,trying,1,325,2.0,22681.0,8.817953353026762e-05,-9.336135668020491
352,trying,to,106,129,107.0,22485.0,0.0047587280409161666,-5.3477748647429015
353,to,attain,14,20879,15.0,43235.0,0.00034694113565398406,-7.96635543029232
354,attain,a,2,16,3.0,22372.0,0.00013409619166815663,-8.91695316727337
355,a,half,29,18547,30.0,40903.0,0.0007334425347774002,-7.217761307312037
356,half,humorous,1,222,2.0,22578.0,8.858180529719195e-05,-9.331584079261548
357,humorous,resentment,1,11,2.0,22367.0,8.941744534358654e-05,-9.322194756750324
358,resentment,at,2,12,3.0,22368.0,0.00013412017167381974,-8.916774356365426
359,at,his,107,4235,108.0,26591.0,0.004061524575984355,-5.5061968645290325
360,his,departure,5,5597,6.0,27953.0,0.00021464601295030945,-8.446520338121191
361,departure,she,0,12,1.0,22368.0,4.470672389127325e-05,-10.015386645033537
362,she,called,8,2272,9.0,24628.0,0.00036543771317199935,-7.914414708694881
363,called,trying,1,325,2.0,22681.0,8.817953353026762e-05,-9.336135668020491
364,trying,to,106,129,107.0,22485.0,0.0047587280409161666,-5.3477748647429015
365,to,attain,14,20879,15.0,43235.0,0.00034694113565398406,-7.96635543029232
366,attain,a,2,16,3.0,22372.0,0.00013409619166815663,-8.91695316727337
367,a,half,29,18547,30.0,40903.0,0.0007334425347774002,-7.217761307312037
368,half,humorous,1,222,2.0,22578.0,8.858180529719195e-05,-9.331584079261548
369,humorous,resentment,1,11,2.0,22367.0,8.941744534358654e-05,-9.322194756750324
370,resentment,at,2,12,3.0,22368.0,0.00013412017167381974,-8.916774356365426
371,at,his,107,4235,108.0,26591.0,0.004061524575984355,-5.5061968645290325
372,his,departure,5,5597,6.0,27953.0,0.00021464601295030945,-8.446520338121191
373,departure,she,0,12,1.0,22368.0,4.470672389127325e-05,-10.015386645033537
374,she,called,8,2272,9.0,24628.0,0.00036543771317199935,-7.914414708694881
375,called,trying,1,325,2.0,22681.0,8.817953353026762e-05,-9.336135668020491
376,trying,to,106,129,107.0,22485.0,0.0047587280409161666,-5.3477748647429015
377,to,attain,14,20879,15.0,43235.0,0.00034694113565398406,-7.96635543029232
378,attain,a,2,16,3.0,22372.0,0.00013409619166815663,-8.91695316727337
379,a,half,29,18547,30.0,40903.0,0.0007334425347774002,-7.217761307312037
380,half,humorous,1,222,2.0,22578.0,8.858180529719195e-05,-9.331584079261548
381,humorous,resentment,1,11,2.0,22367.0,8.941744534358654e-05,-9.322194756750324
382,resentment,at,2,12,3.0,22368.0,0.00013412017167381974,-8.916774356365426
383,at,his,107,4235,108.0,26591.0,0.004061524575984355,-5.5061968645290325
384,his,departure,5,5597,6.0,27953.0,0.00021464601295030945,-8.446520338121191
385,departure,she,0,12,1.0,22368.0,4.470672389127325e-05,-10.015386645033537
386,she,called,8,2272,9.0,24628.0,0.00036543771317199935,-7.914414708694881
387,called,trying,1,325,2.0,22681.0,8.817953353026762e-05,-9.336135668020491
388,trying,to,106,129,107.0,22485.0,0.0047587280409161666,-5.3477748647429015
389,to,attain,14,20879,15.0,43235.0,0.00034694113565398406,-7.96635543029232
390,attain,a,2,16,3.0,22372.0,0.00013409619166815663,-8.91695316727337
391,a,half,29,18547,30.0,40903.0,0.0007334425347774002,-7.217761307312037
392,half,humorous,1,222,2.0,22578.0,8.858180529719195e-05,-9.331584079261548
393,humorous,resentment,1,11,2.0,22367.0,8.941744534358654e-05,-9.322194756750324
394,resentment,at,2,12,3.0,22368.0,0.00013412017167381974,-8.916774356365426
395,at,his,107,4235,108.0,26591.0,0.004061524575984355,-5.5061968645290325
396,his,departure,5,5597,6.0,27953.0,0.00021464601295030945,-8.446520338121191
397,departure,she,0,12,1.0,22368.0,4.470672389127325e-05,-10.015386645033537
398,she,called,8,2272,9.0,24628.0,0.00036543771317199935,-7.914414708694881
399,called,trying,1,325,2.0,22681.0,8.817953353026762e-05,-9.336135668020491
400,trying,to,106,129,107.0,22485.0,0.0047587280409161666,-5.3477748647429015
401,to,attain,14,20879,15.0,43235.0,0.00034694113565398406,-7.96635543029232
402,attain,a,2,16,3.0,22372.0,0.00013409619166815663,-8.91695316727337
403,a,half,29,18547,30.0,40903.0,0.0007334425347774002,-7.217761307312037
404,half,humorous,1,222,2.0,22578.0,8.858180529719195e-05,-9.331584079261548
405,humorous,resentment,1,11,2.0,22367.0,8.941744534358654e-05,-9.322194756750324
406,resentment,at,2,12,3.0,22368.0,0.00013412017167381974,-8.916774356365426
407,at,his,107,4235,108.0,26591.0,0.004061524575984355,-5.5061968645290325
408,his,departure,5,5597,6.0,27953.0,0.00021464601295030945,-8.446520338121191
409,departure,she,0,12,1.0,22368.0,4.470672389127325e-05,-10.015386645033537
410,she,called,8,2272,9.0,24628.0,0.00036543771317199935,-7.914414708694881
411,called,trying,1,325,2.0,22681.0,8.817953353026762e-05,-9.336135668020491
412,trying,to,106,129,107.0,22485.0,0.0047587280409161666,-5.3477748647429015
413,to,attain,14,20879,15.0,43235.0,0.00034694113565398406,-7.96635543029232
414,attain,a,2,16,3.0,22372.0,0.00013409619166815663,-8.91695316727337
415,a,half,29,18547,30.0,40903.0,0.0007334425347774002,-7.217761307312037
416,half,humorous,1,222,2.0,22578.0,8.858180529719195e-05,-9.331584079261548
417,humorous,resentment,1,11,2.0,22367.0,8.941744534358654e-05,-9.322194756750324
418,resentment,at,2,12,3.0,22368.0,0.00013412017167381974,-8.916774356365426
419,at,his,107,4235,108.0,26591.0,0.004061524575984355,-5.5061968645290325
420,his,departure,5,5597,6.0,27953.0,0.00021464601295030945,-8.446520338121191
421,departure,she,0,12,1.0,22368.0,4.470672389127325e-05,-10.015386645033537
422,she,called,8,2272,9.0,24628.0,0.00036543771317199935,-7.914414708694881
423,called,trying,1,325,2.0,22681.0,8.817953353026762e-05,-9.336135668020491
424,trying,to,106,129,107.0,22485.0,0.0047587280409161666,-5.3477748647429015
425,to,attain,14,20879,15.0,43235.0,0.00034694113565398406,-7.96635543029232
426,attain,a,2,16,3.0,22372.0,0.00013409619166815663,-8.91695316727337
427,a,half,29,18547,30.0,40903.0,0.0007334425347774002,-7.217761307312037
428,half,humorous,1,222,2.0,22578.0,8.858180529719195e-05,-9.331584079261548
429,humorous,resentment,1,11,2.0,22367.0,8.941744534358654e-05,-9.322194756750324
430,resentment,at,2,12,3.0,22368.0,0.00013412017167381974,-8.916774356365426
431,at,his,107,4235,108.0,26591.0,0.004061524575984355,-5.5061968645290325
432,his,departure,5,5597,6.0,27953.0,0.00021464601295030945,-8.446520338121191
433,departure,she,0,12,1.0,22368.0,4.470672389127325e-05,-10.015386645033537
434,she,called,8,2272,9.0,24628.0,0.00036543771317199935,-7.914414708694881
435,called,trying,1,325,2.0,22681.0,8.817953353026762e-05,-9.336135668020491
436,trying,to,106,129,107.0,22485.0,0.0047587280409161666,-5.3477748647429015
437,to,attain,14,20879,15.0,43235.0,0.00034694113565398406,-7.96635543029232
438,attain,a,2,16,3.0,22372.0,0.00013409619166815663,-8.91695316727337
439,a,half,29,18547,30.0,40903.0,0.0007334425347774002,-7.217761307312037
440,half,humorous,1,222,2.0,22578.0,8.858180529719195e-05,-9.331584079261548
441,humorous,resentment,1,11,2.0,22367.0,8.941744534358654e-05,-9.322194756750324
442,resentment,at,2,12,3.0,22368.0,0.00013412017167381974,-8.916774356365426
443,at,his,107,4235,108.0,26591.0,0.004061524575984355,-5.5061968645290325
444,his,departure,5,5597,6.0,27953.0,0.00021464601295030945,-8.446520338121191
445,departure,she,0,12,1.0,22368.0,4.470672389127325e-05,-10.015386645033537
446,she,called,8,2272,9.0,24628.0,0.00036543771317199935,-7.914414708694881
447,called,trying,1,325,2.0,22681.0,8.817953353026762e-05,-9.336135668020491
448,trying,to,106,129,107.0,22485.0,0.0047587280409161666,-5.3477748647429015
449,to,attain,14,20879,15.0,43235.0,0.00034694113565398406,-7.96635543029232
450,attain,a,2,16,3.0,22372.0,0.00013409619166815663,-8.91695316727337
451,a,half,29,18547,30.0,40903.0,0.0007334425347774002,-7.217761307312037
452,half,humorous,1,222,2.0,22578.0,8.858180529719195e-05,-9.331584079261548
453,humorous,resentment,1,11,2.0,22367.0,8.941744534358654e-05,-9.322194756750324
454,resentment,at,2,12,3.0,22368.0,0.00013412017167381974,-8.916774356365426
455,at,his,107,4235,108.0,26591.0,0.004061524575984355,-5.5061968645290325
456,his,departure,5,5597,6.0,27953.0,0.00021464601295030945,-8.446520338121191
457,departure,she,0,12,1.0,22368.0,4.470672389127325e-05,-10.015386645033537
458,she,called,8,2272,9.0,24628.0,0.00036543771317199935,-7.914414708694881
459,called,trying,1,325,2.0,22681.0,8.817953353026762e-05,-9.336135668020491
460,trying,to,106,129,107.0,22485.0,0.0047587280409161666,-5.3477748647429015
461,to,attain,14,20879,15.0,43235.0,0.00034694113565398406,-7.96635543029232
462,attain,a,2,16,3.0,22372.0,0.00013409619166815663,-8.91695316727337
463,a,half,29,18547,30.0,40903.0,0.0007334425347774002,-7.217761307312037
464,half,humorous,1,222,2.0,22578.0,8.858180529719195e-05,-9.331584079261548
465,humorous,resentment,1,11,2.0,22367.0,8.941744534358654e-05,-9.322194756750324
466,resentment,at,2,12,3.0,22368.0,0.00013412017167381974,-8.916774356365426
467,at,his,107,4235,108.0,26591.0,0.004061524575984355,-5.5061968645290325
468,his,departure,5,5597,6.0,27953.0,0.00021464601295030945,-8.446520338121191
469,departure,she,0,12,1.0,22368.0,4.470672389127325e-05,-10.015386645033537
470,she,called,8,2272,9.0,24628.0,0.00036543771317199935,-7.914414708694881
471,called,trying,1,325,2.0,22681.0,8.817953353026762e-05,-9.336135668020491
472,trying,to,106,129,107.0,22485.0,0.0047587280409161666,-5.3477748647429015
473,to,attain,14,20879,15.0,43235.0,0.00034694113565398406,-7.96635543029232
474,attain,a,2,16,3.0,22372.0,0.00013409619166815663,-8.91695316727337
475,a,half,29,18547,30.0,40903.0,0.0007334425347774002,-7.217761307312037
476,half,humorous,1,222,2.0,22578.0,8.858180529719195e-05,-9.331584079261548
477,humorous,resentment,1,11,2.0,22367.0,8.941744534358654e-05,-9.322194756750324
478,resentment,at,2,12,3.0,22368.0,0.00013412017167381974,-8.916774356365426
479,at,his,107,4235,108.0,26591.0,0.004061524575984355,-5.5061968645290325
480,his,departure,5,5597,6.0,27953.0,0.00021464601295030945,-8.446520338121191
481,departure,she,0,12,1.0,22368.0,4.470672389127325e-05,-10.015386645033537
482,she,called,8,2272,9.0,24628.0,0.00036543771317199935,-7.914414708694881
483,called,trying,1,325,2.0,22681.0,8.817953353026762e-05,-9.336135668020491
484,trying,to,106,129,107.0,22485.0,0.0047587280409161666,-5.3477748647429015
485,to,attain,14,20879,15.0,43235.0,0.00034694113565398406,-7.96635543029232
486,attain,a,2,16,3.0,22372.0,0.00013409619166815663,-8.91695316727337
487,a,half,29,18547,30.0,40903.0,0.0007334425347774002,-7.217761307312037
488,half,humorous,1,222,2.0,22578.0,8.858180529719195e-05,-9.331584079261548
489,humorous,resentment,1,11,2.0,22367.0,8.941744534358654e-05,-9.322194756750324
490,resentment,at,2,12,3.0,22368.0,0.00013412017167381974,-8.916774356365426
491,at,his,107,4235,108.0,26591.0,0.004061524575984355,-5.5061968645290325
492,his,departure,5,5597,6.0,27953.0,0.00021464601295030945,-8.446520338121191
493,departure,she,0,12,1.0,22368.0,4.470672389127325e-05,-10.015386645033537
494,she,called,8,2272,9.0,24628.0,0.00036543771317199935,-7.914414708694881
495,called,trying,1,325,2.0,22681.0,8.817953353026762e-05,-9.336135668020491
496,trying,to,106,129,107.0,22485.0,0.0047587280409161666,-5.3477748647429015
497,to,attain,14,20879,15.0,43235.0,0.00034694113565398406,-7.96635543029232
498,attain,a,2,16,3.0,22372.0,0.00013409619166815663,-8.91695316727337
499,a,half,29,18547,30.0,40903.0,0.0007334425347774002,-7.217761307312037
500,half,humorous,1,222,2.0,22578.0,8.858180529719195e-05,-9.331584079261548
501,humorous,resentment,1,11,2.0,22367.0,8.941744534358654e-05,-9.322194756750324
502,resentment,at,2,12,3.0,22368.0,0.00013412017167381974,-8.916774356365426
503,at,his,107,4235,108.0,26591.0,0.004061524575984355,-5.5061968645290325
504,his,departure,5,5597,6.0,27953.0,0.00021464601295030945,-8.446520338121191
505,departure,she,0,12,1.0,22368.0,4.470672389127325e-05,-10.015386645033537
506,she,called,8,2272,9.0,24628.0,0.00036543771317199935,-7.914414708694881
507,called,trying,1,325,2.0,22681.0,8.817953353026762e-05,-9.336135668020491
508,trying,to,106,129,107.0,22485.0,0.0047587280409161666,-5.3477748647429015
509,to,attain,14,20879,15.0,43235.0,0.00034694113565398406,-7.96635543029232
510,attain,a,2,16,3.0,22372.0,0.00013409619166815663,-8.91695316727337
511,a,half,29,18547,30.0,40903.0,0.0007334425347774002,-7.217761307312037
512,half,humorous,1,222,2.0,22578.0,8.858180529719195e-05,-9.331584079261548
513,humorous,resentment,1,11,2.0,22367.0,8.941744534358654e-05,-9.322194756750324
514,resentment,at,2,12,3.0,22368.0,0.00013412017167381974,-8.916774356365426
515,at,his,107,4235,108.0,26591.0,0.004061524575984355,-5.5061968645290325
516,his,departure,5,5597,6.0,27953.0,0.00021464601295030945,-8.446520338121191
517,departure,she,0,12,1.0,22368.0,4.470672389127325e-05,-10.015386645033537
518,she,called,8,2272,9.0,24628.0,0.00036543771317199935,-7.914414708694881
519,called,trying,1,325,2.0,22681.0,8.817953353026762e-05,-9.336135668020491
520,trying,to,106,129,107.0,22485.0,0.0047587280409161666,-5.3477748647429015
521,to,attain,14,20879,15.0,43235.0,0.00034694113565398406,-7.96635543029232
522,attain,a,2,16,3.0,22372.0,0.00013409619166815663,-8.91695316727337
523,a,half,29,18547,30.0,40903.0,0.0007334425347774002,-7.217761307312037
524,half,humorous,1,222,2.0,22578.0,8.858180529719195e-05,-9.331584079261548
525,humorous,resentment,1,11,2.0,22367.0,8.941744534358654e-05,-9.322194756750324
526,resentment,at,2,12,3.0,22368.0,0.00013412017167381974,-8.916774356365426
527,at,his,107,4235,108.0,26591.0,0.004061524575984355,-5.5061968645290325
528,his,departure,5,5597,6.0,27953.0,0.00021464601295030945,-8.446520338121191
529,departure,she,0,12,1.0,22368.0,4.470672389127325e-05,-10.015386645033537
530,she,called,8,2272,9.0,24628.0,0.00036543771317199935,-7.914414708694881
531,called,trying,1,325,2.0,22681.0,8.817953353026762e-05,-9.336135668020491
532,trying,to,106,129,107.0,22485.0,0.0047587280409161666,-5.3477748647429015
533,to,attain,14,20879,15.0,43235.0,0.00034694113565398406,-7.96635543029232
534,attain,a,2,16,3.0,22372.0,0.00013409619166815663,-8.91695316727337
535,a,half,29,18547,30.0,40903.0,0.0007334425347774002,-7.217761307312037
536,half,humorous,1,222,2.0,22578.0,8.858180529719195e-05,-9.331584079261548
537,humorous,resentment,1,11,2.0,22367.0,8.941744534358654e-05,-9.322194756750324
538,resentment,at,2,12,3.0,22368.0,0.00013412017167381974,-8.916774356365426
539,at,his,107,4235,108.0,26591.0,0.004061524575984355,-5.5061968645290325
540,his,departure,5,5597,6.0,27953.0,0.00021464601295030945,-8.446520338121191
541,departure,she,0,12,1.0,22368.0,4.470672389127325e-05,-10.015386645033537
542,she,called,8,2272,9.0,24628.0,0.00036543771317199935,-7.914414708694881
543,called,trying,1,325,2.0,22681.0,8.817953353026762e-05,-9.336135668020491
544,trying,to,106,129,107.0,22485.0,0.0047587280409161666,-5.3477748647429015
545,to,attain,14,20879,15.0,43235.0,0.00034694113565398406,-7.96635543029232
546,attain,a,2,16,3.0,22372.0,0.00013409619166815663,-8.91695316727337
547,a,half,29,18547,30.0,40903.0,0.0007334425347774002,-7.217761307312037
548,half,humorous,1,222,2.0,22578.0,8.858180529719195e-05,-9.331584079261548
549,humorous,resentment,1,11,2.0,22367.0,8.941744534358654e-05,-9.322194756750324
550,resentment,at,2,12,3.0,22368.0,0.00013412017167381974,-8.916774356365426
551,at,his,107,4235,108.0,26591.0,0.004061524575984355,-5.5061968645290325
552,his,departure,5,5597,6.0,27953.0,0.00021464601295030945,-8.446520338121191
553,departure,she,0,12,1.0,22368.0,4.470672389127325e-05,-10.015386645033537
554,she,called,8,2272,9.0,24628.0,0.00036543771317199935,-7.914414708694881
555,called,trying,1,325,2.0,22681.0,8.817953353026762e-05,-9.336135668020491
556,trying,to,106,129,107.0,22485.0,0.0047587280409161666,-5.3477748647429015
557,to,attain,14,20879,15.0,43235.0,0.00034694113565398406,-7.96635543029232
558,attain,a,2,16,3.0,22372.0,0.00013409619166815663,-8.91695316727337
559,a,half,29,18547,30.0,40903.0,0.0007334425347774002,-7.217761307312037
560,half,humorous,1,222,2.0,22578.0,8.858180529719195e-05,-9.331584079261548
561,humorous,resentment,1,11,2.0,22367.0,8.941744534358654e-05,-9.322194756750324
562,resentment,at,2,12,3.0,22368.0,0.00013412017167381974,-8.916774356365426
563,at,his,107,4235,108.0,26591.0,0.004061524575984355,-5.5061968645290325
564,his,departure,5,5597,6.0,27953.0,0.00021464601295030945,-8.446520338121191
565,departure,she,0,12,1.0,22368.0,4.470672389127325e-05,-10.015386645033537
566,she,called,8,2272,9.0,24628.0,0.00036543771317199935,-7.914414708694881
567,called,trying,1,325,2.0,22681.0,8.817953353026762e-05,-9.336135668020491
568,trying,to,106,129,107.0,22485.0,0.0047587280409161666,-5.3477748647429015
569,to,attain,14,20879,15.0,43235.0,0.00034694113565398406,-7.96635543029232
570,attain,a,2,16,3.0,22372.0,0.00013409619166815663,-8.91695316727337
571,a,half,29,18547,30.0,40903.0,0.0007334425347774002,-7.217761307312037
572,half,humorous,1,222,2.0,22578.0,8.858180529719195e-05,-9.331584079261548
573,humorous,resentment,1,11,2.0,22367.0,8.941744534358654e-05,-9.322194756750324
574,resentment,at,2,12,3.0,22368.0,0.00013412017167381974,-8.916774356365426
575,at,his,107,4235,108.0,26591.0,0.004061524575984355,-5.5061968645290325
576,his,departure,5,5597,6.0,27953.0,0.00021464601295030945,-8.446520338121191
577,departure,she,0,12,1.0,22368.0,4.470672389127325e-05,-10.015386645033537
578,she,called,8,2272,9.0,24628.0,0.00036543771317199935,-7.914414708694881
579,called,trying,1,325,2.0,22681.0,8.817953353026762e-05,-9.336135668020491
580,trying,to,106,129,107.0,22485.0,0.0047587280409161666,-5.3477748647429015
581,to,attain,14,20879,15.0,43235.0,0.00034694113565398406,-7.96635543029232
582,attain,a,2,16,3.0,22372.0,0.00013409619166815663,-8.91695316727337
583,a,half,29,18547,30.0,40903.0,0.0007334425347774002,-7.217761307312037
584,half,humorous,1,222,2.0,22578.0,8.858180529719195e-05,-9.331584079261548
585,humorous,resentment,1,11,2.0,22367.0,8.941744534358654e-05,-9.322194756750324
586,resentment,at,2,12,3.0,22368.0,0.00013412017167381974,-8.916774356365426
587,at,his,107,4235,108.0,26591.0,0.004061524575984355,-5.5061968645290325
588,his,departure,5,5597,6.0,27953.0,0.00021464601295030945,-8.446520338121191
589,departure,she,0,12,1.0,22368.0,4.470672389127325e-05,-10.015386645033537
590,she,called,8,2272,9.0,24628.0,0.00036543771317199935,-7.914414708694881
591,called,trying,1,325,2.0,22681.0,8.817953353026762e-05,-9.336135668020491
592,trying,to,106,129,107.0,22485.0,0.0047587280409161666,-5.3477748647429015
593,to,attain,14,20879,15.0,43235.0,0.00034694113565398406,-7.96635543029232
594,attain,a,2,16,3.0,22372.0,0.00013409619166815663,-8.91695316727337
595,a,half,29,18547,30.0,40903.0,0.0007334425347774002,-7.217761307312037
596,half,humorous,1,222,2.0,22578.0,8.858180529719195e-05,-9.331584079261548
597,humorous,resentment,1,11,2.0,22367.0,8.941744534358654e-05,-9.322194756750324
598,resentment,at,2,12,3.0,22368.0,0.00013412017167381974,-8.916774356365426
599,at,his,107,4235,108.0,26591.0,0.004061524575984355,-5.5061968645290325
600,his,departure,5,5597,6.0,27953.0,0.00021464601295030945,-8.446520338121191
601,departure,she,0,12,1.0,22368.0,4.470672389127325e-05,-10.015386645033537
602,she,called,8,2272,9.0,24628.0,0.00036543771317199935,-7.914414708694881
603,called,trying,1,325,2.0,22681.0,8.817953353026762e-05,-9.336135668020491
604,trying,to,106,129,107.0,22485.0,0.0047587280409161666,-5.3477748647429015
605,to,attain,14,20879,15.0,43235.0,0.00034694113565398406,-7.96635543029232
606,attain,a,2,16,3.0,22372.0,0.00013409619166815663,-8.91695316727337
607,a,half,29,18547,30.0,40903.0,0.0007334425347774002,-7.217761307312037
608,half,humorous,1,222,2.0,22578.0,8.858180529719195e-05,-9.331584079261548
609,humorous,resentment,1,11,2.0,22367.0,8.941744534358654e-05,-9.322194756750324
610,resentment,at,2,12,3.0,22368.0,0.00013412017167381974,-8.916774356365426
611,at,his,107,4235,108.0,26591.0,0.004061524575984355,-5.5061968645290325
612,his,departure,5,5597,6.0,27953.0,0.00021464601295030945,-8.446520338121191
613,departure,she,0,12,1.0,22368.0,4.470672389127325e-05,-10.015386645033537
614,she,called,8,2272,9.0,24628.0,0.00036543771317199935,-7.914414708694881
615,called,trying,1,325,2.0,22681.0,8.817953353026762e-05,-9.336135668020491
616,trying,to,106,129,107.0,22485.0,0.0047587280409161666,-5.3477748647429015
617,to,attain,14,20879,15.0,43235.0,0.00034694113565398406,-7.96635543029232
618,attain,a,2,16,3.0,22372.0,0.00013409619166815663,-8.91695316727337
619,a,half,29,18547,30.0,40903.0,0.0007334425347774002,-7.217761307312037
620,half,humorous,1,222,2.0,22578.0,8.858180529719195e-05,-9.331584079261548
621,humorous,resentment,1,11,2.0,22367.0,8.941744534358654e-05,-9.322194756750324
622,resentment,at,2,12,3.0,22368.0,0.00013412017167381974,-8.916774356365426
623,at,his,107,4235,108.0,26591.0,0.004061524575984355,-5.5061968645290325
624,his,departure,5,5597,6.0,27953.0,0.00021464601295030945,-8.446520338121191
625,departure,she,0,12,1.0,22368.0,4.470672389127325e-05,-10.015386645033537
626,she,called,8,2272,9.0,24628.0,0.00036543771317199935,-7.914414708694881
627,called,trying,1,325,2.0,22681.0,8.817953353026762e-05,-9.336135668020491
628,trying,to,106,129,107.0,22485.0,0.0047587280409161666,-5.3477748647429015
629,to,attain,14,20879,15.0,43235.0,0.00034694113565398406,-7.96635543029232
630,attain,a,2,16,3.0,22372.0,0.00013409619166815663,-8.91695316727337
631,a,half,29,18547,30.0,40903.0,0.0007334425347774002,-7.217761307312037
632,half,humorous,1,222,2.0,22578.0,8.858180529719195e-05,-9.331584079261548
633,humorous,resentment,1,11,2.0,22367.0,8.941744534358654e-05,-9.322194756750324
634,resentment,at,2,12,3.0,22368.0,0.00013412017167381974,-8.916774356365426
635,at,his,107,4235,108.0,26591.0,0.004061524575984355,-5.5061968645290325
636,his,departure,5,5597,6.0,27953.0,0.00021464601295030945,-8.446520338121191
637,departure,she,0,12,1.0,22368.0,4.470672389127325e-05,-10.015386645033537
638,she,called,8,2272,9.0,24628.0,0.00036543771317199935,-7.914414708694881
639,called,trying,1,325,2.0,22681.0,8.817953353026762e-05,-9.336135668020491
640,trying,to,106,129,107.0,22485.0,0.0047587280409161666,-5.3477748647429015
641,to,attain,14,20879,15.0,43235.0,0.00034694113565398406,-7.96635543029232
642,attain,a,2,16,3.0,22372.0,0.00013409619166815663,-8.91695316727337
643,a,half,29,18547,30.0,40903.0,0.0007334425347774002,-7.217761307312037
644,half,humorous,1,222,2.0,22578.0,8.858180529719195e-05,-9.331584079261548
645,humorous,resentment,1,11,2.0,22367.0,8.941744534358654e-05,-9.322194756750324
646,resentment,at,2,12,3.0,22368.0,0.00013412017167381974,-8.916774356365426
647,at,his,107,4235,108.0,26591.0,0.004061524575984355,-5.5061968645290325
648,his,departure,5,5597,6.0,27953.0,0.00021464601295030945,-8.446520338121191
649,departure,she,0,12,1.0,22368.0,4.470672389127325e-05,-10.015386645033537
650,she,called,8,2272,9.0,24628.0,0.00036543771317199935,-7.914414708694881
651,called,trying,1,325,2.0,22681.0,8.817953353026762e-05,-9.336135668020491
652,trying,to,106,129,107.0,22485.0,0.0047587280409161666,-5.3477748647429015
653,to,attain,14,20879,15.0,43235.0,0.00034694113565398406,-7.96635543029232
654,attain,a,2,16,3.0,22372.0,0.00013409619166815663,-8.91695316727337
655,a,half,29,18547,30.0,40903.0,0.0007334425347774002,-7.217761307312037
656,half,humorous,1,222,2.0,22578.0,8.858180529719195e-05,-9.331584079261548
657,humorous,resentment,1,11,2.0,22367.0,8.941744534358654e-05,-9.322194756750324
658,resentment,at,2,12,3.0,22368.0,0.00013412017167381974,-8.916774356365426
659,at,his,107,4235,108.0,26591.0,0.004061524575984355,-5.5061968645290325
660,his,departure,5,5597,6.0,27953.0,0.00021464601295030945,-8.446520338121191
661,departure,she,0,12,1.0,22368.0,4.470672389127325e-05,-10.015386645033537
662,she,called,8,2272,9.0,24628.0,0.00036543771317199935,-7.914414708694881
663,called,trying,1,325,2.0,22681.0,8.817953353026762e-05,-9.336135668020491
664,trying,to,106,129,107.0,22485.0,0.0047587280409161666,-5.3477748647429015
665,to,attain,14,20879,15.0,43235.0,0.00034694113565398406,-7.96635543029232
666,attain,a,2,16,3.0,22372.0,0.00013409619166815663,-8.91695316727337
667,a,half,29,18547,30.0,40903.0,0.0007334425347774002,-7.217761307312037
668,half,humorous,1,222,2.0,22578.0,8.858180529719195e-05,-9.331584079261548
669,humorous,resentment,1,11,2.0,22367.0,8.941744534358654e-05,-9.322194756750324
670,resentment,at,2,12,3.0,22368.0,0.00013412017167381974,-8.916774356365426
671,at,his,107,4235,108.0,26591.0,0.004061524575984355,-5.5061968645290325
672,his,departure,5,5597,6.0,27953.0,0.00021464601295030945,-8.446520338121191
673,departure,she,0,12,1.0,22368.0,4.470672389127325e-05,-10.015386645033537
674,she,called,8,2272,9.0,24628.0,0.00036543771317199935,-7.914414708694881
675,called,trying,1,325,2.0,22681.0,8.817953353026762e-05,-9.336135668020491
676,trying,to,106,129,107.0,22485.0,0.0047587280409161666,-5.3477748647429015
677,to,attain,14,20879,15.0,43235.0,0.00034694113565398406,-7.96635543029232
678,attain,a,2,16,3.0,22372.0,0.00013409619166815663,-8.91695316727337
679,a,half,29,18547,30.0,40903.0,0.0007334425347774002,-7.217761307312037
680,half,humorous,1,222,2.0,22578.0,8.858180529719195e-05,-9.331584079261548
681,humorous,resentment,1,11,2.0,22367.0,8.941744534358654e-05,-9.322194756750324
682,resentment,at,2,12,3.0,22368.0,0.00013412017167381974,-8.916774356365426
683,at,his,107,4235,108.0,26591.0,0.004061524575984355,-5.5061968645290325
684,his,departure,5,5597,6.0,27953.0,0.00021464601295030945,-8.446520338121191
685,departure,she,0,12,1.0,22368.0,4.470672389127325e-05,-10.015386645033537
686,she,called,8,2272,9.0,24628.0,0.00036543771317199935,-7.914414708694881
687,called,trying,1,325,2.0,22681.0,8.817953353026762e-05,-9.336135668020491
688,trying,to,106,129,107.0,22485.0,0.0047587280409161666,-5.3477748647429015
689,to,attain,14,20879,15.0,43235.0,0.00034694113565398406,-7.96635543029232
690,attain,a,2,16,3.0,22372.0,0.00013409619166815663,-8.91695316727337
691,a,half,29,18547,30.0,40903.0,0.0007334425347774002,-7.217761307312037
692,half,humorous,1,222,2.0,22578.0,8.858180529719195e-05,-9.331584079261548
693,humorous,resentment,1,11,2.0,22367.0,8.941744534358654e-05,-9.322194756750324
694,resentment,at,2,12,3.0,22368.0,0.00013412017167381974,-8.916774356365426
695,at,his,107,4235,108.0,26591.0,0.004061524575984355,-5.5061968645290325
696,his,departure,5,5597,6.0,27953.0,0.00021464601295030945,-8.446520338121191
697,departure,she,0,12,1.0,22368.0,4.470672389127325e-05,-10.015386645033537
698,she,called,8,2272,9.0,24628.0,0.00036543771317199935,-7.914414708694881
699,called,trying,1,325,2.0,22681.0,8.817953353026762e-05,-9.336135668020491
700,trying,to,106,129,107.0,22485.0,0.0047587280409161666,-5.3477748647429015
701,to,attain,14,20879,15.0,43235.0,0.00034694113565398406,-7.96635543029232
702,attain,a,2,16,3.0,22372.0,0.00013409619166815663,-8.91695316727337
703,a,half,29,18547,30.0,40903.0,0.0007334425347774002,-7.217761307312037
704,half,humorous,1,222,2.0,22578.0,8.858180529719195e-05,-9.331584079261548
705,humorous,resentment,1,11,2.0,22367.0,8.941744534358654e-05,-9.322194756750324
706,resentment,at,2,12,3.0,22368.0,0.00013412017167381974,-8.916774356365426
707,at,his,107,4235,108.0,26591.0,0.004061524575984355,-5.5061968645290325
708,his,departure,5,5597,6.0,27953.0,0.00021464601295030945,-8.446520338121191
709,departure,she,0,12,1.0,22368.0,4.470672389127325e-05,-10.015386645033537
710,she,called,8,2272,9.0,24628.0,0.00036543771317199935,-7.914414708694881
711,called,trying,1,325,2.0,22681.0,8.817953353026762e-05,-9.336135668020491
712,trying,to,106,129,107.0,22485.0,0.0047587280409161666,-5.3477748647429015
713,to,attain,14,20879,15.0,43235.0,0.00034694113565398406,-7.96635543029232
714,attain,a,2,16,3.0,22372.0,0.00013409619166815663,-8.91695316727337
715,a,half,29,18547,30.0,40903.0,0.0007334425347774002,-7.217761307312037
716,half,humorous,1,222,2.0,22578.0,8.858180529719195e-05,-9.331584079261548
717,humorous,resentment,1,11,2.0,22367.0,8.941744534358654e-05,-9.322194756750324
718,resentment,at,2,12,3.0,22368.0,0.00013412017167381974,-8.916774356365426
719,at,his,107,4235,108.0,26591.0,0.004061524575984355,-5.5061968645290325
720,his,departure,5,5597,6.0,27953.0,0.00021464601295030945,-8.446520338121191
721,departure,she,0,12,1.0,22368.0,4.470672389127325e-05,-10.015386645033537
722,she,called,8,2272,9.0,24628.0,0.00036543771317199935,-7.914414708694881
723,called,trying,1,325,2.0,22681.0,8.817953353026762e-05,-9.336135668020491
724,trying,to,106,129,107.0,22485.0,0.0047587280409161666,-5.3477748647429015
725,to,attain,14,20879,15.0,43235.0,0.00034694113565398406,-7.96635543029232
726,attain,a,2,16,3.0,22372.0,0.00013409619166815663,-8.91695316727337
727,a,half,29,18547,30.0,40903.0,0.0007334425347774002,-7.217761307312037
728,half,humorous,1,222,2.0,22578.0,8.858180529719195e-05,-9.331584079261548
729,humorous,resentment,1,11,2.0,22367.0,8.941744534358654e-05,-9.322194756750324
730,resentment,at,2,12,3.0,22368.0,0.00013412017167381974,-8.916774356365426
731,at,his,107,4235,108.0,26591.0,0.004061524575984355,-5.5061968645290325
732,his,departure,5,5597,6.0,27953.0,0.00021464601295030945,-8.446520338121191
733,departure,she,0,12,1.0,22368.0,4.470672389127325e-05,-10.015386645033537
734,she,called,8,2272,9.0,24628.0,0.00036543771317199935,-7.914414708694881
735,called,trying,1,325,2.0,22681.0,8.817953353026762e-05,-9.336135668020491
736,trying,to,106,129,107.0,22485.0,0.0047587280409161666,-5.3477748647429015
737,to,attain,14,20879,15.0,43235.0,0.00034694113565398406,-7.96635543029232
738,attain,a,2,16,3.0,22372.0,0.00013409619166815663,-8.91695316727337
739,a,half,29,18547,30.0,40903.0,0.0007334425347774002,-7.217761307312037
740,half,humorous,1,222,2.0,22578.0,8.858180529719195e-05,-9.331584079261548
741,humorous,resentment,1,11,2.0,22367.0,8.941744534358654e-05,-9.322194756750324
742,resentment,at,2,12,3.0,22368.0,0.00013412017167381974,-8.916774356365426
743,at,his,107,4235,108.0,26591.0,0.004061524575984355,-5.5061968645290325
744,his,departure,5,5597,6.0,27953.0,0.00021464601295030945,-8.446520338121191
745,departure,she,0,12,1.0,22368.0,4.470672389127325e-05,-10.015386645033537
746,she,called,8,2272,9.0,24628.0,0.00036543771317199935,-7.914414708694881
747,called,trying,1,325,2.0,22681.0,8.817953353026762e-05,-9.336135668020491
748,trying,to,106,129,107.0,22485.0,0.0047587280409161666,-5.3477748647429015
749,to,attain,14,20879,15.0,43235.0,0.00034694113565398406,-7.96635543029232
750,attain,a,2,16,3.0,22372.0,0.00013409619166815663,-8.91695316727337
751,a,half,29,18547,30.0,40903.0,0.0007334425347774002,-7.217761307312037
752,half,humorous,1,222,2.0,22578.0,8.858180529719195e-05,-9.331584079261548
753,humorous,resentment,1,11,2.0,22367.0,8.941744534358654e-05,-9.322194756750324
754,resentment,at,2,12,3.0,22368.0,0.00013412017167381974,-8.916774356365426
755,at,his,107,4235,108.0,26591.0,0.004061524575984355,-5.5061968645290325
756,his,departure,5,5597,6.0,27953.0,0.00021464601295030945,-8.446520338121191
757,departure,she,0,12,1.0,22368.0,4.470672389127325e-05,-10.015386645033537
758,she,called,8,2272,9.0,24628.0,0.00036543771317199935,-7.914414708694881
759,called,trying,1,325,2.0,22681.0,8.817953353026762e-05,-9.336135668020491
760,trying,to,106,129,107.0,22485.0,0.0047587280409161666,-5.3477748647429015
761,to,attain,14,20879,15.0,43235.0,0.00034694113565398406,-7.96635543029232
762,attain,a,2,16,3.0,22372.0,0.00013409619166815663,-8.91695316727337
763,a,half,29,18547,30.0,40903.0,0.0007334425347774002,-7.217761307312037
764,half,humorous,1,222,2.0,22578.0,8.858180529719195e-05,-9.331584079261548
765,humorous,resentment,1,11,2.0,22367.0,8.941744534358654e-05,-9.322194756750324
766,resentment,at,2,12,3.0,22368.0,0.00013412017167381974,-8.916774356365426
767,at,his,107,4235,108.0,26591.0,0.004061524575984355,-5.5061968645290325
768,his,departure,5,5597,6.0,27953.0,0.00021464601295030945,-8.446520338121191
769,departure,she,0,12,1.0,22368.0,4.470672389127325e-05,-10.015386645033537
770,she,called,8,2272,9.0,24628.0,0.00036543771317199935,-7.914414708694881
771,called,trying,1,325,2.0,22681.0,8.817953353026762e-05,-9.336135668020491
772,trying,to,106,129,107.0,22485.0,0.0047587280409161666,-5.3477748647429015
773,to,attain,14,20879,15.0,43235.0,0.00034694113565398406,-7.96635543029232
774,attain,a,2,16,3.0,22372.0,0.00013409619166815663,-8.91695316727337
775,a,half,29,18547,30.0,40903.0,0.0007334425347774002,-7.217761307312037
776,half,humorous,1,222,2.0,22578.0,8.858180529719195e-05,-9.331584079261548
777,humorous,resentment,1,11,2.0,22367.0,8.941744534358654e-05,-9.322194756750324
778,resentment,at,2,12,3.0,22368.0,0.00013412017167381974,-8.916774356365426
779,at,his,107,4235,108.0,26591.0,0.004061524575984355,-5.5061968645290325
780,his,departure,5,5597,6.0,27953.0,0.00021464601295030945,-8.446520338121191
781,departure,she,0,12,1.0,22368.0,4.470672389127325e-05,-10.015386645033537
782,she,called,8,2272,9.0,24628.0,0.00036543771317199935,-7.914414708694881
783,called,trying,1,325,2.0,22681.0,8.817953353026762e-05,-9.336135668020491
784,trying,to,106,129,107.0,22485.0,0.0047587280409161666,-5.3477748647429015
785,to,attain,14,20879,15.0,43235.0,0.00034694113565398406,-7.96635543029232
786,attain,a,2,16,3.0,22372.0,0.00013409619166815663,-8.91695316727337
787,a,half,29,18547,30.0,40903.0,0.0007334425347774002,-7.217761307312037
788,half,humorous,1,222,2.0,22578.0,8.858180529719195e-05,-9.331584079261548
789,humorous,resentment,1,11,2.0,22367.0,8.941744534358654e-05,-9.322194756750324
790,resentment,at,2,12,3.0,22368.0,0.00013412017167381974,-8.916774356365426
791,at,his,107,4235,108.0,26591.0,0.004061524575984355,-5.5061968645290325
792,his,departure,5,5597,6.0,27953.0,0.00021464601295030945,-8.446520338121191
793,departure,she,0,12,1.0,22368.0,4.470672389127325e-05,-10.015386645033537
794,she,called,8,2272,9.0,24628.0,0.00036543771317199935,-7.914414708694881
795,called,trying,1,325,2.0,22681.0,8.817953353026762e-05,-9.336135668020491
796,trying,to,106,129,107.0,22485.0,0.0047587280409161666,-5.3477748647429015
797,to,attain,14,20879,15.0,43235.0,0.00034694113565398406,-7.96635543029232
798,attain,a,2,16,3.0,22372.0,0.00013409619166815663,-8.91695316727337
799,a,half,29,18547,30.0,40903.0,0.0007334425347774002,-7.217761307312037
800,half,humorous,1,222,2.0,22578.0,8.858180529719195e-05,-9.331584079261548
801,humorous,resentment,1,11,2.0,22367.0,8.941744534358654e-05,-9.322194756750324
802,resentment,at,2,12,3.0,22368.0,0.00013412017167381974,-8.916774356365426
803,at,his,107,4235,108.0,26591.0,0.004061524575984355,-5.5061968645290325
804,his,departure,5,5597,6.0,27953.0,0.00021464601295030945,-8.446520338121191
805,departure,she,0,12,1.0,22368.0,4.470672389127325e-05,-10.015386645033537
806,she,called,8,2272,9.0,24628.0,0.00036543771317199935,-7.914414708694881
807,called,trying,1,325,2.0,22681.0,8.817953353026762e-05,-9.336135668020491
808,trying,to,106,129,107.0,22485.0,0.0047587280409161666,-5.3477748647429015
809,to,attain,14,20879,15.0,43235.0,0.00034694113565398406,-7.96635543029232
810,attain,a,2,16,3.0,22372.0,0.00013409619166815663,-8.91695316727337
811,a,half,29,18547,30.0,40903.0,0.0007334425347774002,-7.217761307312037
812,half,humorous,1,222,2.0,22578.0,8.858180529719195e-05,-9.331584079261548
813,humorous,resentment,1,11,2.0,22367.0,8.941744534358654e-05,-9.322194756750324
814,resentment,at,2,12,3.0,22368.0,0.00013412017167381974,-8.916774356365426
815,at,his,107,4235,108.0,26591.0,0.004061524575984355,-5.5061968645290325
816,his,departure,5,5597,6.0,27953.0,0.00021464601295030945,-8.446520338121191
817,departure,she,0,12,1.0,22368.0,4.470672389127325e-05,-10.015386645033537
818,she,called,8,2272,9.0,24628.0,0.00036543771317199935,-7.914414708694881
819,called,trying,1,325,2.0,22681.0,8.817953353026762e-05,-9.336135668020491
820,trying,to,106,129,107.0,22485.0,0.0047587280409161666,-5.3477748647429015
821,to,attain,14,20879,15.0,43235.0,0.00034694113565398406,-7.96635543029232
822,attain,a,2,16,3.0,22372.0,0.00013409619166815663,-8.91695316727337
823,a,half,29,18547,30.0,40903.0,0.0007334425347774002,-7.217761307312037
824,half,humorous,1,222,2.0,22578.0,8.858180529719195e-05,-9.331584079261548
825,humorous,resentment,1,11,2.0,22367.0,8.941744534358654e-05,-9.322194756750324
826,resentment,at,2,12,3.0,22368.0,0.00013412017167381974,-8.916774356365426
827,at,his,107,4235,108.0,26591.0,0.004061524575984355,-5.5061968645290325
828,his,departure,5,5597,6.0,27953.0,0.00021464601295030945,-8.446520338121191
829,departure,she,0,12,1.0,22368.0,4.470672389127325e-05,-10.015386645033537
830,she,called,8,2272,9.0,24628.0,0.00036543771317199935,-7.914414708694881
831,called,trying,1,325,2.0,22681.0,8.817953353026762e-05,-9.336135668020491
832,trying,to,106,129,107.0,22485.0,0.0047587280409161666,-5.3477748647429015
833,to,attain,14,20879,15.0,43235.0,0.00034694113565398406,-7.96635543029232
834,attain,a,2,16,3.0,22372.0,0.00013409619166815663,-8.91695316727337
835,a,half,29,18547,30.0,40903.0,0.0007334425347774002,-7.217761307312037
836,half,humorous,1,222,2.0,22578.0,8.858180529719195e-05,-9.331584079261548
837,humorous,resentment,1,11,2.0,22367.0,8.941744534358654e-05,-9.322194756750324
838,resentment,at,2,12,3.0,22368.0,0.00013412017167381974,-8.916774356365426
839,at,his,107,4235,108.0,26591.0,0.004061524575984355,-5.5061968645290325
840,his,departure,5,5597,6.0,27953.0,0.00021464601295030945,-8.446520338121191
841,departure,she,0,12,1.0,22368.0,4.470672389127325e-05,-10.015386645033537
842,she,called,8,2272,9.0,24628.0,0.00036543771317199935,-7.914414708694881
843,called,trying,1,325,2.0,22681.0,8.817953353026762e-05,-9.336135668020491
844,trying,to,106,129,107.0,22485.0,0.0047587280409161666,-5.3477748647429015
845,to,attain,14,20879,15.0,43235.0,0.00034694113565398406,-7.96635543029232
846,attain,a,2,16,3.0,22372.0,0.00013409619166815663,-8.91695316727337
847,a,half,29,18547,30.0,40903.0,0.0007334425347774002,-7.217761307312037
848,half,humorous,1,222,2.0,22578.0,8.858180529719195e-05,-9.331584079261548
849,humorous,resentment,1,11,2.0,22367.0,8.941744534358654e-05,-9.322194756750324
850,resentment,at,2,12,3.0,22368.0,0.00013412017167381974,-8.916774356365426
851,at,his,107,4235,108.0,26591.0,0.004061524575984355,-5.5061968645290325
852,his,departure,5,5597,6.0,27953.0,0.00021464601295030945,-8.446520338121191
853,departure,she,0,12,1.0,22368.0,4.470672389127325e-05,-10.015386645033537
854,she,called,8,2272,9.0,24628.0,0.00036543771317199935,-7.914414708694881
855,called,trying,1,325,2.0,22681.0,8.817953353026762e-05,-9.336135668020491
856,trying,to,106,129,107.0,22485.0,0.0047587280409161666,-5.3477748647429015
857,to,attain,14,20879,15.0,43235.0,0.00034694113565398406,-7.96635543029232
858,attain,a,2,16,3.0,22372.0,0.00013409619166815663,-8.91695316727337
859,a,half,29,18547,30.0,40903.0,0.0007334425347774002,-7.217761307312037
860,half,humorous,1,222,2.0,22578.0,8.858180529719195e-05,-9.331584079261548
861,humorous,resentment,1,11,2.0,22367.0,8.941744534358654e-05,-9.322194756750324
862,resentment,at,2,12,3.0,22368.0,0.00013412017167381974,-8.916774356365426
863,at,his,107,4235,108.0,26591.0,0.004061524575984355,-5.5061968645290325
864,his,departure,5,5597,6.0,27953.0,0.00021464601295030945,-8.446520338121191
865,departure,she,0,12,1.0,22368.0,4.470672389127325e-05,-10.015386645033537
866,she,called,8,2272,9.0,24628.0,0.00036543771317199935,-7.914414708694881
867,called,trying,1,325,2.0,22681.0,8.817953353026762e-05,-9.336135668020491
868,trying,to,106,129,107.0,22485.0,0.0047587280409161666,-5.3477748647429015
869,to,attain,14,20879,15.0,43235.0,0.00034694113565398406,-7.96635543029232
870,attain,a,2,16,3.0,22372.0,0.00013409619166815663,-8.91695316727337
871,a,half,29,18547,30.0,40903.0,0.0007334425347774002,-7.217761307312037
872,half,humorous,1,222,2.0,22578.0,8.858180529719195e-05,-9.331584079261548
873,humorous,resentment,1,11,2.0,22367.0,8.941744534358654e-05,-9.322194756750324
874,resentment,at,2,12,3.0,22368.0,0.00013412017167381974,-8.916774356365426
875,at,his,107,4235,108.0,26591.0,0.004061524575984355,-5.5061968645290325
876,his,departure,5,5597,6.0,27953.0,0.00021464601295030945,-8.446520338121191
877,departure,she,0,12,1.0,22368.0,4.470672389127325e-05,-10.015386645033537
878,she,called,8,2272,9.0,24628.0,0.00036543771317199935,-7.914414708694881
879,called,trying,1,325,2.0,22681.0,8.817953353026762e-05,-9.336135668020491
880,trying,to,106,129,107.0,22485.0,0.0047587280409161666,-5.3477748647429015
881,to,attain,14,20879,15.0,43235.0,0.00034694113565398406,-7.96635543029232
882,attain,a,2,16,3.0,22372.0,0.00013409619166815663,-8.91695316727337
883,a,half,29,18547,30.0,40903.0,0.0007334425347774002,-7.217761307312037
884,half,humorous,1,222,2.0,22578.0,8.858180529719195e-05,-9.331584079261548
885,humorous,resentment,1,11,2.0,22367.0,8.941744534358654e-05,-9.322194756750324
886,resentment,at,2,12,3.0,22368.0,0.00013412017167381974,-8.916774356365426
887,at,his,107,4235,108.0,26591.0,0.004061524575984355,-5.5061968645290325
888,his,departure,5,5597,6.0,27953.0,0.00021464601295030945,-8.446520338121191
889,departure,she,0,12,1.0,22368.0,4.470672389127325e-05,-10.015386645033537
890,she,called,8,2272,9.0,24628.0,0.00036543771317199935,-7.914414708694881
891,called,trying,1,325,2.0,22681.0,8.817953353026762e-05,-9.336135668020491
892,trying,to,106,129,107.0,22485.0,0.0047587280409161666,-5.3477748647429015
893,to,attain,14,20879,15.0,43235.0,0.00034694113565398406,-7.96635543029232
894,attain,a,2,16,3.0,22372.0,0.00013409619166815663,-8.91695316727337
895,a,half,29,18547,30.0,40903.0,0.0007334425347774002,-7.217761307312037
896,half,humorous,1,222,2.0,22578.0,8.858180529719195e-05,-9.331584079261548
897,humorous,resentment,1,11,2.0,22367.0,8.941744534358654e-05,-9.322194756750324
898,resentment,at,2,12,3.0,22368.0,0.00013412017167381974,-8.916774356365426
899,at,his,107,4235,108.0,26591.0,0.004061524575984355,-5.5061968645290325
900,his,departure,5,5597,6.0,27953.0,0.00021464601295030945,-8.446520338121191
901,departure,she,0,12,1.0,22368.0,4.470672389127325e-05,-10.015386645033537
902,she,called,8,2272,9.0,24628.0,0.00036543771317199935,-7.914414708694881
903,called,trying,1,325,2.0,22681.0,8.817953353026762e-05,-9.336135668020491
904,trying,to,106,129,107.0,22485.0,0.0047587280409161666,-5.3477748647429015
905,to,attain,14,20879,15.0,43235.0,0.00034694113565398406,-7.96635543029232
906,attain,a,2,16,3.0,22372.0,0.00013409619166815663,-8.91695316727337
907,a,half,29,18547,30.0,40903.0,0.0007334425347774002,-7.217761307312037
908,half,humorous,1,222,2.0,22578.0,8.858180529719195e-05,-9.331584079261548
909,humorous,resentment,1,11,2.0,22367.0,8.941744534358654e-05,-9.322194756750324
910,resentment,at,2,12,3.0,22368.0,0.00013412017167381974,-8.916774356365426
911,at,his,107,4235,108.0,26591.0,0.004061524575984355,-5.5061968645290325
912,his,departure,5,5597,6.0,27953.0,0.00021464601295030945,-8.446520338121191
913,departure,she,0,12,1.0,22368.0,4.470672389127325e-05,-10.015386645033537
914,she,called,8,2272,9.0,24628.0,0.00036543771317199935,-7.914414708694881
915,called,trying,1,325,2.0,22681.0,8.817953353026762e-05,-9.336135668020491
916,trying,to,106,129,107.0,22485.0,0.0047587280409161666,-5.3477748647429015
917,to,attain,14,20879,15.0,43235.0,0.00034694113565398406,-7.96635543029232
918,attain,a,2,16,3.0,22372.0,0.00013409619166815663,-8.91695316727337
919,a,half,29,18547,30.0,40903.0,0.0007334425347774002,-7.217761307312037
920,half,humorous,1,222,2.0,22578.0,8.858180529719195e-05,-9.331584079261548
921,humorous,resentment,1,11,2.0,22367.0,8.941744534358654e-05,-9.322194756750324
922,resentment,at,2,12,3.0,22368.0,0.00013412017167381974,-8.916774356365426
923,at,his,107,4235,108.0,26591.0,0.004061524575984355,-5.5061968645290325
924,his,departure,5,5597,6.0,27953.0,0.00021464601295030945,-8.446520338121191
925,departure,she,0,12,1.0,22368.0,4.470672389127325e-05,-10.015386645033537
926,she,called,8,2272,9.0,24628.0,0.00036543771317199935,-7.914414708694881
927,called,trying,1,325,2.0,22681.0,8.817953353026762e-05,-9.336135668020491
928,trying,to,106,129,107.0,22485.0,0.0047587280409161666,-5.3477748647429015
929,to,attain,14,20879,15.0,43235.0,0.00034694113565398406,-7.96635543029232
930,attain,a,2,16,3.0,22372.0,0.00013409619166815663,-8.91695316727337
931,a,half,29,18547,30.0,40903.0,0.0007334425347774002,-7.217761307312037
932,half,humorous,1,222,2.0,22578.0,8.858180529719195e-05,-9.331584079261548
933,humorous,resentment,1,11,2.0,22367.0,8.941744534358654e-05,-9.322194756750324
934,resentment,at,2,12,3.0,22368.0,0.00013412017167381974,-8.916774356365426
935,at,his,107,4235,108.0,26591.0,0.004061524575984355,-5.5061968645290325
936,his,departure,5,5597,6.0,27953.0,0.00021464601295030945,-8.446520338121191
937,departure,she,0,12,1.0,22368.0,4.470672389127325e-05,-10.015386645033537
938,she,called,8,2272,9.0,24628.0,0.00036543771317199935,-7.914414708694881
939,called,trying,1,325,2.0,22681.0,8.817953353026762e-05,-9.336135668020491
940,trying,to,106,129,107.0,22485.0,0.0047587280409161666,-5.3477748647429015
941,to,attain,14,20879,15.0,43235.0,0.00034694113565398406,-7.96635543029232
942,attain,a,2,16,3.0,22372.0,0.00013409619166815663,-8.91695316727337
943,a,half,29,18547,30.0,40903.0,0.0007334425347774002,-7.217761307312037
944,half,humorous,1,222,2.0,22578.0,8.858180529719195e-05,-9.331584079261548
945,humorous,resentment,1,11,2.0,22367.0,8.941744534358654e-05,-9.322194756750324
946,resentment,at,2,12,3.0,22368.0,0.00013412017167381974,-8.916774356365426
947,at,his,107,4235,108.0,26591.0,0.004061524575984355,-5.5061968645290325
948,his,departure,5,5597,6.0,27953.0,0.00021464601295030945,-8.446520338121191
949,departure,she,0,12,1.0,22368.0,4.470672389127325e-05,-10.015386645033537
950,she,called,8,2272,9.0,24628.0,0.00036543771317199935,-7.914414708694881
951,called,trying,1,325,2.0,22681.0,8.817953353026762e-05,-9.336135668020491
952,trying,to,106,129,107.0,22485.0,0.0047587280409161666,-5.3477748647429015
953,to,attain,14,20879,15.0,43235.0,0.00034694113565398406,-7.96635543029232
954,attain,a,2,16,3.0,22372.0,0.00013409619166815663,-8.91695316727337
955,a,half,29,18547,30.0,40903.0,0.0007334425347774002,-7.217761307312037
956,half,humorous,1,222,2.0,22578.0,8.858180529719195e-05,-9.331584079261548
957,humorous,resentment,1,11,2.0,22367.0,8.941744534358654e-05,-9.322194756750324
958,resentment,at,2,12,3.0,22368.0,0.00013412017167381974,-8.916774356365426
959,at,his,107,4235,108.0,26591.0,0.004061524575984355,-5.5061968645290325
960,his,departure,5,5597,6.0,27953.0,0.00021464601295030945,-8.446520338121191
961,departure,she,0,12,1.0,22368.0,4.470672389127325e-05,-10.015386645033537
962,she,called,8,2272,9.0,24628.0,0.00036543771317199935,-7.914414708694881
963,called,trying,1,325,2.0,22681.0,8.817953353026762e-05,-9.336135668020491
964,trying,to,106,129,107.0,22485.0,0.0047587280409161666,-5.3477748647429015
965,to,attain,14,20879,15.0,43235.0,0.00034694113565398406,-7.96635543029232
966,attain,a,2,16,3.0,22372.0,0.00013409619166815663,-8.91695316727337
967,a,half,29,18547,30.0,40903.0,0.0007334425347774002,-7.217761307312037
968,half,humorous,1,222,2.0,22578.0,8.858180529719195e-05,-9.331584079261548
969,humorous,resentment,1,11,2.0,22367.0,8.941744534358654e-05,-9.322194756750324
970,resentment,at,2,12,3.0,22368.0,0.00013412017167381974,-8.916774356365426
971,at,his,107,4235,108.0,26591.0,0.004061524575984355,-5.5061968645290325
972,his,departure,5,5597,6.0,27953.0,0.00021464601295030945,-8.446520338121191
973,departure,she,0,12,1.0,22368.0,4.470672389127325e-05,-10.015386645033537
974,she,called,8,2272,9.0,24628.0,0.00036543771317199935,-7.914414708694881
975,called,trying,1,325,2.0,22681.0,8.817953353026762e-05,-9.336135668020491
976,trying,to,106,129,107.0,22485.0,0.0047587280409161666,-5.3477748647429015
977,to,attain,14,20879,15.0,43235.0,0.00034694113565398406,-7.96635543029232
978,attain,a,2,16,3.0,22372.0,0.00013409619166815663,-8.91695316727337
979,a,half,29,18547,30.0,40903.0,0.0007334425347774002,-7.217761307312037
980,half,humorous,1,222,2.0,22578.0,8.858180529719195e-05,-9.331584079261548
981,humorous,resentment,1,11,2.0,22367.0,8.941744534358654e-05,-9.322194756750324
982,resentment,at,2,12,3.0,22368.0,0.00013412017167381974,-8.916774356365426
983,at,his,107,4235,108.0,26591.0,0.004061524575984355,-5.5061968645290325
984,his,departure,5,5597,6.0,27953.0,0.00021464601295030945,-8.446520338121191
985,departure,she,0,12,1.0,22368.0,4.470672389127325e-05,-10.015386645033537
986,she,called,8,2272,9.0,24628.0,0.00036543771317199935,-7.914414708694881
987,called,trying,1,325,2.0,22681.0,8.817953353026762e-05,-9.336135668020491
988,trying,to,106,129,107.0,22485.0,0.0047587280409161666,-5.3477748647429015
989,to,attain,14,20879,15.0,43235.0,0.00034694113565398406,-7.96635543029232
990,attain,a,2,16,3.0,22372.0,0.00013409619166815663,-8.91695316727337
991,a,half,29,18547,30.0,40903.0,0.0007334425347774002,-7.217761307312037
992,half,humorous,1,222,2.0,22578.0,8.858180529719195e-05,-9.331584079261548
993,humorous,resentment,1,11,2.0,22367.0,8.941744534358654e-05,-9.322194756750324
994,resentment,at,2,12,3.0,22368.0,0.00013412017167381974,-8.916774356365426
995,at,his,107,4235,108.0,26591.0,0.004061524575984355,-5.5061968645290325
996,his,departure,5,5597,6.0,27953.0,0.00021464601295030945,-8.446520338121191
997,departure,she,0,12,1.0,22368.0,4.470672389127325e-05,-10.015386645033537
998,she,called,8,2272,9.0,24628.0,0.00036543771317199935,-7.914414708694881
999,called,trying,1,325,2.0,22681.0,8.817953353026762e-05,-9.336135668020491
1000,trying,to,106,129,107.0,22485.0,0.0047587280409161666,-5.3477748647429015
1001,to,attain,14,20879,15.0,43235.0,0.00034694113565398406,-7.96635543029232
1002,attain,a,2,16,3.0,22372.0,0.00013409619166815663,-8.91695316727337
1003,a,half,29,18547,30.0,40903.0,0.0007334425347774002,-7.217761307312037
1004,half,humorous,1,222,2.0,22578.0,8.858180529719195e-05,-9.331584079261548
1005,humorous,resentment,1,11,2.0,22367.0,8.941744534358654e-05,-9.322194756750324
1006,resentment,at,2,12,3.0,22368.0,0.00013412017167381974,-8.916774356365426
1007,at,his,107,4235,108.0,26591.0,0.004061524575984355,-5.5061968645290325
1008,his,departure,5,5597,6.0,27953.0,0.00021464601295030945,-8.446520338121191
1009,departure,she,0,12,1.0,22368.0,4.470672389127325e-05,-10.015386645033537
1010,she,called,8,2272,9.0,24628.0,0.00036543771317199935,-7.914414708694881
1011,called,trying,1,325,2.0,22681.0,8.817953353026762e-05,-9.336135668020491
1012,trying,to,106,129,107.0,22485.0,0.0047587280409161666,-5.3477748647429015
1013,to,attain,14,20879,15.0,43235.0,0.00034694113565398406,-7.96635543029232
1014,attain,a,2,16,3.0,22372.0,0.00013409619166815663,-8.91695316727337
1015,a,half,29,18547,30.0,40903.0,0.0007334425347774002,-7.217761307312037
1016,half,humorous,1,222,2.0,22578.0,8.858180529719195e-05,-9.331584079261548
1017,humorous,resentment,1,11,2.0,22367.0,8.941744534358654e-05,-9.322194756750324
1018,resentment,at,2,12,3.0,22368.0,0.00013412017167381974,-8.916774356365426
1019,at,his,107,4235,108.0,26591.0,0.004061524575984355,-5.5061968645290325
1020,his,departure,5,5597,6.0,27953.0,0.00021464601295030945,-8.446520338121191
1021,departure,she,0,12,1.0,22368.0,4.470672389127325e-05,-10.015386645033537
1022,she,called,8,2272,9.0,24628.0,0.00036543771317199935,-7.914414708694881
1023,called,trying,1,325,2.0,22681.0,8.817953353026762e-05,-9.336135668020491
1024,trying,to,106,129,107.0,22485.0,0.0047587280409161666,-5.3477748647429015
1025,to,attain,14,20879,15.0,43235.0,0.00034694113565398406,-7.96635543029232
1026,attain,a,2,16,3.0,22372.0,0.00013409619166815663,-8.91695316727337
1027,a,half,29,18547,30.0,40903.0,0.0007334425347774002,-7.217761307312037
1028,half,humorous,1,222,2.0,22578.0,8.858180529719195e-05,-9.331584079261548
1029,humorous,resentment,1,11,2.0,22367.0,8.941744534358654e-05,-9.322194756750324
1030,resentment,at,2,12,3.0,22368.0,0.00013412017167381974,-8.916774356365426
1031,at,his,107,4235,108.0,26591.0,0.004061524575984355,-5.5061968645290325
1032,his,departure,5,5597,6.0,27953.0,0.00021464601295030945,-8.446520338121191
1033,departure,she,0,12,1.0,22368.0,4.470672389127325e-05,-10.015386645033537
1034,she,called,8,2272,9.0,24628.0,0.00036543771317199935,-7.914414708694881
1035,called,trying,1,325,2.0,22681.0,8.817953353026762e-05,-9.336135668020491
1036,trying,to,106,129,107.0,22485.0,0.0047587280409161666,-5.3477748647429015
1037,to,attain,14,20879,15.0,43235.0,0.00034694113565398406,-7.96635543029232
1038,attain,a,2,16,3.0,22372.0,0.00013409619166815663,-8.91695316727337
1039,a,half,29,18547,30.0,40903.0,0.0007334425347774002,-7.217761307312037
1040,half,humorous,1,222,2.0,22578.0,8.858180529719195e-05,-9.331584079261548
1041,humorous,resentment,1,11,2.0,22367.0,8.941744534358654e-05,-9.322194756750324
1042,resentment,at,2,12,3.0,22368.0,0.00013412017167381974,-8.916774356365426
1043,at,his,107,4235,108.0,26591.0,0.004061524575984355,-5.5061968645290325
1044,his,departure,5,5597,6.0,27953.0,0.00021464601295030945,-8.446520338121191
1045,departure,she,0,12,1.0,22368.0,4.470672389127325e-05,-10.015386645033537
1046,she,called,8,2272,9.0,24628.0,0.00036543771317199935,-7.914414708694881
1047,called,trying,1,325,2.0,22681.0,8.817953353026762e-05,-9.336135668020491
1048,trying,to,106,129,107.0,22485.0,0.0047587280409161666,-5.3477748647429015
1049,to,attain,14,20879,15.0,43235.0,0.00034694113565398406,-7.96635543029232
1050,attain,a,2,16,3.0,22372.0,0.00013409619166815663,-8.91695316727337
1051,a,half,29,18547,30.0,40903.0,0.0007334425347774002,-7.217761307312037
1052,half,humorous,1,222,2.0,22578.0,8.858180529719195e-05,-9.331584079261548
1053,humorous,resentment,1,11,2.0,22367.0,8.941744534358654e-05,-9.322194756750324
1054,resentment,at,2,12,3.0,22368.0,0.00013412017167381974,-8.916774356365426
1055,at,his,107,4235,108.0,26591.0,0.004061524575984355,-5.5061968645290325
1056,his,departure,5,5597,6.0,27953.0,0.00021464601295030945,-8.446520338121191
1057,departure,she,0,12,1.0,22368.0,4.470672389127325e-05,-10.015386645033537
1058,she,called,8,2272,9.0,24628.0,0.00036543771317199935,-7.914414708694881
1059,called,trying,1,325,2.0,22681.0,8.817953353026762e-05,-9.336135668020491
1060,trying,to,106,129,107.0,22485.0,0.0047587280409161666,-5.3477748647429015
1061,to,attain,14,20879,15.0,43235.0,0.00034694113565398406,-7.96635543029232
1062,attain,a,2,16,3.0,22372.0,0.00013409619166815663,-8.91695316727337
1063,a,half,29,18547,30.0,40903.0,0.0007334425347774002,-7.217761307312037
1064,half,humorous,1,222,2.0,22578.0,8.858180529719195e-05,-9.331584079261548
1065,humorous,resentment,1,11,2.0,22367.0,8.941744534358654e-05,-9.322194756750324
1066,resentment,at,2,12,3.0,22368.0,0.00013412017167381974,-8.916774356365426
1067,at,his,107,4235,108.0,26591.0,0.004061524575984355,-5.5061968645290325
1068,his,departure,5,5597,6.0,27953.0,0.00021464601295030945,-8.446520338121191
1069,departure,she,0,12,1.0,22368.0,4.470672389127325e-05,-10.015386645033537
1070,she,called,8,2272,9.0,24628.0,0.00036543771317199935,-7.914414708694881
1071,called,trying,1,325,2.0,22681.0,8.817953353026762e-05,-9.336135668020491
1072,trying,to,106,129,107.0,22485.0,0.0047587280409161666,-5.3477748647429015
1073,to,attain,14,20879,15.0,43235.0,0.00034694113565398406,-7.96635543029232
1074,attain,a,2,16,3.0,22372.0,0.00013409619166815663,-8.91695316727337
1075,a,half,29,18547,30.0,40903.0,0.0007334425347774002,-7.217761307312037
1076,half,humorous,1,222,2.0,22578.0,8.858180529719195e-05,-9.331584079261548
1077,humorous,resentment,1,11,2.0,22367.0,8.941744534358654e-05,-9.322194756750324
1078,resentment,at,2,12,3.0,22368.0,0.00013412017167381974,-8.916774356365426
1079,at,his,107,4235,108.0,26591.0,0.004061524575984355,-5.5061968645290325
1080,his,departure,5,5597,6.0,27953.0,0.00021464601295030945,-8.446520338121191
1081,departure,she,0,12,1.0,22368.0,4.470672389127325e-05,-10.015386645033537
1082,she,called,8,2272,9.0,24628.0,0.00036543771317199935,-7.914414708694881
1083,called,trying,1,325,2.0,22681.0,8.817953353026762e-05,-9.336135668020491
1084,trying,to,106,129,107.0,22485.0,0.0047587280409161666,-5.3477748647429015
1085,to,attain,14,20879,15.0,43235.0,0.00034694113565398406,-7.96635543029232
1086,attain,a,2,16,3.0,22372.0,0.00013409619166815663,-8.91695316727337
1087,a,half,29,18547,30.0,40903.0,0.0007334425347774002,-7.217761307312037
1088,half,humorous,1,222,2.0,22578.0,8.858180529719195e-05,-9.331584079261548
1089,humorous,resentment,1,11,2.0,22367.0,8.941744534358654e-05,-9.322194756750324
1090,resentment,at,2,12,3.0,22368.0,0.00013412017167381974,-8.916774356365426
1091,at,his,107,4235,108.0,26591.0,0.004061524575984355,-5.5061968645290325
1092,his,departure,5,5597,6.0,27953.0,0.00021464601295030945,-8.446520338121191
1093,departure,she,0,12,1.0,22368.0,4.470672389127325e-05,-10.015386645033537
1094,she,called,8,2272,9.0,24628.0,0.00036543771317199935,-7.914414708694881
1095,called,trying,1,325,2.0,22681.0,8.817953353026762e-05,-9.336135668020491
1096,trying,to,106,129,107.0,22485.0,0.0047587280409161666,-5.3477748647429015
1097,to,attain,14,20879,15.0,43235.0,0.00034694113565398406,-7.96635543029232
1098,attain,a,2,16,3.0,22372.0,0.00013409619166815663,-8.91695316727337
1099,a,half,29,18547,30.0,40903.0,0.0007334425347774002,-7.217761307312037
1100,half,humorous,1,222,2.0,22578.0,8.858180529719195e-05,-9.331584079261548
1101,humorous,resentment,1,11,2.0,22367.0,8.941744534358654e-05,-9.322194756750324
1102,resentment,at,2,12,3.0,22368.0,0.00013412017167381974,-8.916774356365426
1103,at,his,107,4235,108.0,26591.0,0.004061524575984355,-5.5061968645290325
1104,his,departure,5,5597,6.0,27953.0,0.00021464601295030945,-8.446520338121191
1105,departure,she,0,12,1.0,22368.0,4.470672389127325e-05,-10.015386645033537
1106,she,called,8,2272,9.0,24628.0,0.00036543771317199935,-7.914414708694881
1107,called,trying,1,325,2.0,22681.0,8.817953353026762e-05,-9.336135668020491
1108,trying,to,106,129,107.0,22485.0,0.0047587280409161666,-5.3477748647429015
1109,to,attain,14,20879,15.0,43235.0,0.00034694113565398406,-7.96635543029232
1110,attain,a,2,16,3.0,22372.0,0.00013409619166815663,-8.91695316727337
1111,a,half,29,18547,30.0,40903.0,0.0007334425347774002,-7.217761307312037
1112,half,humorous,1,222,2.0,22578.0,8.858180529719195e-05,-9.331584079261548
1113,humorous,resentment,1,11,2.0,22367.0,8.941744534358654e-05,-9.322194756750324
1114,resentment,at,2,12,3.0,22368.0,0.00013412017167381974,-8.916774356365426
1115,at,his,107,4235,108.0,26591.0,0.004061524575984355,-5.5061968645290325
1116,his,departure,5,5597,6.0,27953.0,0.00021464601295030945,-8.446520338121191
1117,departure,she,0,12,1.0,22368.0,4.470672389127325e-05,-10.015386645033537
1118,she,called,8,2272,9.0,24628.0,0.00036543771317199935,-7.914414708694881
1119,called,trying,1,325,2.0,22681.0,8.817953353026762e-05,-9.336135668020491
1120,trying,to,106,129,107.0,22485.0,0.0047587280409161666,-5.3477748647429015
1121,to,attain,14,20879,15.0,43235.0,0.00034694113565398406,-7.96635543029232
1122,attain,a,2,16,3.0,22372.0,0.00013409619166815663,-8.91695316727337
1123,a,half,29,18547,30.0,40903.0,0.0007334425347774002,-7.217761307312037
1124,half,humorous,1,222,2.0,22578.0,8.858180529719195e-05,-9.331584079261548
1125,humorous,resentment,1,11,2.0,22367.0,8.941744534358654e-05,-9.322194756750324
1126,resentment,at,2,12,3.0,22368.0,0.00013412017167381974,-8.916774356365426
1127,at,his,107,4235,108.0,26591.0,0.004061524575984355,-5.5061968645290325
1128,his,departure,5,5597,6.0,27953.0,0.00021464601295030945,-8.446520338121191
1129,departure,she,0,12,1.0,22368.0,4.470672389127325e-05,-10.015386645033537
1130,she,called,8,2272,9.0,24628.0,0.00036543771317199935,-7.914414708694881
1131,called,trying,1,325,2.0,22681.0,8.817953353026762e-05,-9.336135668020491
1132,trying,to,106,129,107.0,22485.0,0.0047587280409161666,-5.3477748647429015
1133,to,attain,14,20879,15.0,43235.0,0.00034694113565398406,-7.96635543029232
1134,attain,a,2,16,3.0,22372.0,0.00013409619166815663,-8.91695316727337
1135,a,half,29,18547,30.0,40903.0,0.0007334425347774002,-7.217761307312037
1136,half,humorous,1,222,2.0,22578.0,8.858180529719195e-05,-9.331584079261548
1137,humorous,resentment,1,11,2.0,22367.0,8.941744534358654e-05,-9.322194756750324
1138,resentment,at,2,12,3.0,22368.0,0.00013412017167381974,-8.916774356365426
1139,at,his,107,4235,108.0,26591.0,0.004061524575984355,-5.5061968645290325
1140,his,departure,5,5597,6.0,27953.0,0.00021464601295030945,-8.446520338121191
1141,departure,she,0,12,1.0,22368.0,4.470672389127325e-05,-10.015386645033537
1142,she,called,8,2272,9.0,24628.0,0.00036543771317199935,-7.914414708694881
1143,called,trying,1,325,2.0,22681.0,8.817953353026762e-05,-9.336135668020491
1144,trying,to,106,129,107.0,22485.0,0.0047587280409161666,-5.3477748647429015
1145,to,attain,14,20879,15.0,43235.0,0.00034694113565398406,-7.96635543029232
1146,attain,a,2,16,3.0,22372.0,0.00013409619166815663,-8.91695316727337
1147,a,half,29,18547,30.0,40903.0,0.0007334425347774002,-7.217761307312037
1148,half,humorous,1,222,2.0,22578.0,8.858180529719195e-05,-9.331584079261548
1149,humorous,resentment,1,11,2.0,22367.0,8.941744534358654e-05,-9.322194756750324
1150,resentment,at,2,12,3.0,22368.0,0.00013412017167381974,-8.916774356365426
1151,at,his,107,4235,108.0,26591.0,0.004061524575984355,-5.5061968645290325
1152,his,departure,5,5597,6.0,27953.0,0.00021464601295030945,-8.446520338121191
1153,departure,she,0,12,1.0,22368.0,4.470672389127325e-05,-10.015386645033537
1154,she,called,8,2272,9.0,24628.0,0.00036543771317199935,-7.914414708694881
1155,called,trying,1,325,2.0,22681.0,8.817953353026762e-05,-9.336135668020491
1156,trying,to,106,129,107.0,22485.0,0.0047587280409161666,-5.3477748647429015
1157,to,attain,14,20879,15.0,43235.0,0.00034694113565398406,-7.96635543029232
1158,attain,a,2,16,3.0,22372.0,0.00013409619166815663,-8.91695316727337
1159,a,half,29,18547,30.0,40903.0,0.0007334425347774002,-7.217761307312037
1160,half,humorous,1,222,2.0,22578.0,8.858180529719195e-05,-9.331584079261548
1161,humorous,resentment,1,11,2.0,22367.0,8.941744534358654e-05,-9.322194756750324
1162,resentment,at,2,12,3.0,22368.0,0.00013412017167381974,-8.916774356365426
1163,at,his,107,4235,108.0,26591.0,0.004061524575984355,-5.5061968645290325
1164,his,departure,5,5597,6.0,27953.0,0.00021464601295030945,-8.446520338121191
1165,departure,she,0,12,1.0,22368.0,4.470672389127325e-05,-10.015386645033537
1166,she,called,8,2272,9.0,24628.0,0.00036543771317199935,-7.914414708694881
1167,called,trying,1,325,2.0,22681.0,8.817953353026762e-05,-9.336135668020491
1168,trying,to,106,129,107.0,22485.0,0.0047587280409161666,-5.3477748647429015
1169,to,attain,14,20879,15.0,43235.0,0.00034694113565398406,-7.96635543029232
1170,attain,a,2,16,3.0,22372.0,0.00013409619166815663,-8.91695316727337
1171,a,half,29,18547,30.0,40903.0,0.0007334425347774002,-7.217761307312037
1172,half,humorous,1,222,2.0,22578.0,8.858180529719195e-05,-9.331584079261548
1173,humorous,resentment,1,11,2.0,22367.0,8.941744534358654e-05,-9.322194756750324
1174,resentment,at,2,12,3.0,22368.0,0.00013412017167381974,-8.916774356365426
1175,at,his,107,4235,108.0,26591.0,0.004061524575984355,-5.5061968645290325
1176,his,departure,5,5597,6.0,27953.0,0.00021464601295030945,-8.446520338121191
1177,departure,she,0,12,1.0,22368.0,4.470672389127325e-05,-10.015386645033537
1178,she,called,8,2272,9.0,24628.0,0.00036543771317199935,-7.914414708694881
1179,called,trying,1,325,2.0,22681.0,8.817953353026762e-05,-9.336135668020491
1180,trying,to,106,129,107.0,22485.0,0.0047587280409161666,-5.3477748647429015
1181,to,attain,14,20879,15.0,43235.0,0.00034694113565398406,-7.96635543029232
1182,attain,a,2,16,3.0,22372.0,0.00013409619166815663,-8.91695316727337
1183,a,half,29,18547,30.0,40903.0,0.0007334425347774002,-7.217761307312037
1184,half,humorous,1,222,2.0,22578.0,8.858180529719195e-05,-9.331584079261548
1185,humorous,resentment,1,11,2.0,22367.0,8.941744534358654e-05,-9.322194756750324
1186,resentment,at,2,12,3.0,22368.0,0.00013412017167381974,-8.916774356365426
1187,at,his,107,4235,108.0,26591.0,0.004061524575984355,-5.5061968645290325
1188,his,departure,5,5597,6.0,27953.0,0.00021464601295030945,-8.446520338121191
1189,departure,she,0,12,1.0,22368.0,4.470672389127325e-05,-10.015386645033537
1190,she,called,8,2272,9.0,24628.0,0.00036543771317199935,-7.914414708694881
1191,called,trying,1,325,2.0,22681.0,8.817953353026762e-05,-9.336135668020491
1192,trying,to,106,129,107.0,22485.0,0.0047587280409161666,-5.3477748647429015
1193,to,attain,14,20879,15.0,43235.0,0.00034694113565398406,-7.96635543029232
1194,attain,a,2,16,3.0,22372.0,0.00013409619166815663,-8.91695316727337
1195,a,half,29,18547,30.0,40903.0,0.0007334425347774002,-7.217761307312037
1196,half,humorous,1,222,2.0,22578.0,8.858180529719195e-05,-9.331584079261548
1197,humorous,resentment,1,11,2.0,22367.0,8.941744534358654e-05,-9.322194756750324
1198,resentment,at,2,12,3.0,22368.0,0.00013412017167381974,-8.916774356365426
1199,at,his,107,4235,108.0,26591.0,0.004061524575984355,-5.5061968645290325
1200,his,departure,5,5597,6.0,27953.0,0.00021464601295030945,-8.446520338121191
1201,departure,</s>,4,12,5.0,22368.0,0.00022353361945636624,-8.405948732599436
