seed,min_count,n,method,V,parameters,dev_loss,perplexity,score_cross_entropy,predicted_tokens,tune_and_eval_seconds,test_oov_rate
42,2,3,laplace,22356,{},9.302858004898784,10986.789111941414,9.304448840190776,102538,0.5205394000222441,0.03210786591094455
42,2,3,add_k,22356,"{""k"": 0.001}",8.315428462501744,4111.176890661952,8.321464614593422,102538,1.3347119000100065,0.03210786591094455
42,2,3,interpolation,22356,"{""weights"": [0.3333333333333333, 0.3333333333333333, 0.3333333333333333]}",6.275055721583599,535.277841351329,6.282785941719697,102538,2.335078500007512,0.03210786591094455
42,2,3,stupid_backoff,22356,{},6.14337887425781,,6.152735942641261,102538,0.6067027000244707,0.03210786591094455
42,2,3,kneser_ney,22356,"{""discount"": 0.9}",5.788405138065078,330.70465650070474,5.801225700628574,102538,2.840133299992885,0.03210786591094455
42,2,1,laplace,22356,{},6.7365910176275285,849.1137605644452,6.7441931709327045,102538,0.0378398000029847,0.03210786591094455
42,2,1,add_k,22356,"{""k"": 0.001}",6.731946932333174,845.285813008649,6.739674810413759,102538,0.09863469999982044,0.03210786591094455
42,2,1,interpolation,22356,{},6.7319718760477185,845.3058196947577,6.739698478679617,102538,0.05445659998804331,0.03210786591094455
42,2,1,stupid_backoff,22356,{},6.7319441848711925,,6.739672204851435,102538,0.04494550000526942,0.03210786591094455
42,2,1,kneser_ney,22356,"{""discount"": 0.5}",6.7319441848711925,845.2836105666509,6.739672204851435,102538,0.07541019999189302,0.03210786591094455
42,2,2,laplace,22356,{},7.8715980388200615,2645.4312371660744,7.8805893696291625,102538,0.2399137000029441,0.03210786591094455
42,2,2,add_k,22356,"{""k"": 0.01}",6.62696575489521,756.1215863323424,6.628202191729954,102538,0.734303799981717,0.03210786591094455
42,2,2,interpolation,22356,"{""weights"": [0.3, 0.7]}",6.175449202964731,482.82464103769405,6.179653525695836,102538,0.9808140000095591,0.03210786591094455
42,2,2,stupid_backoff,22356,{},5.807596384954858,,5.811722443374545,102538,0.3669860000081826,0.03210786591094455
42,2,2,kneser_ney,22356,"{""discount"": 0.75}",5.881673638331985,359.891777748006,5.885803368889047,102538,0.9371703999931924,0.03210786591094455
42,2,4,laplace,22356,{},9.62276746917599,15068.51816467557,9.620362956638209,102538,0.4328051999909803,0.03210786591094455
42,2,4,add_k,22356,"{""k"": 0.001}",9.195115640278182,9962.947118685386,9.206628202260559,102538,1.1543016000068747,0.03210786591094455
42,2,4,interpolation,22356,"{""weights"": [0.7, 0.09999999999999999, 0.09999999999999999, 0.09999999999999999]}",6.406442803556825,610.7362118811959,6.414665134166594,102538,3.2319883000163827,0.03210786591094455
42,2,4,stupid_backoff,22356,{},6.864501337684942,,6.875534467372504,102538,0.9001980999892112,0.03210786591094455
42,2,4,kneser_ney,22356,"{""discount"": 0.9}",5.7792647297663,327.772930919238,5.792321084862263,102538,2.824136200011708,0.03210786591094455
42,3,1,laplace,16812,{},6.613045515452521,751.0759243578791,6.621506744334374,102538,0.05123360001016408,0.043681151340580836
42,3,1,add_k,16812,"{""k"": 0.001}",6.610466616557557,749.2528742540115,6.6190765423642715,102538,0.12158939999062568,0.043681151340580836
42,3,1,interpolation,16812,{},6.610480808520935,749.2623613384848,6.619089204343607,102538,0.0813481000077445,0.043681151340580836
42,3,1,stupid_backoff,16812,{},6.610465051610601,,6.619075147668997,102538,0.0551782000111416,0.043681151340580836
42,3,1,kneser_ney,16812,"{""discount"": 0.5}",6.610465051610601,749.2518292752969,6.619075147668997,102538,0.10672549999435432,0.043681151340580836
42,3,2,laplace,16812,{},7.545102510816313,1911.0373002652732,7.555401462765261,102538,0.3666106000018772,0.043681151340580836
42,3,2,add_k,16812,"{""k"": 0.01}",6.400009038523247,603.8790812703279,6.4033739813205015,102538,0.9252327000140212,0.043681151340580836
42,3,2,interpolation,16812,"{""weights"": [0.3, 0.7]}",6.0136621896059825,411.1983489079175,6.019075698831137,102538,1.1796503000077792,0.043681151340580836
42,3,2,stupid_backoff,16812,{},5.68511107247371,,5.689747585175241,102538,0.39057069999398664,0.043681151340580836
42,3,2,kneser_ney,16812,"{""discount"": 0.75}",5.764993130636747,320.42580648216745,5.769650756526717,102538,1.1398913000011817,0.043681151340580836
42,3,3,laplace,16812,{},8.97687444795744,7948.403589669734,8.980726381153236,102538,0.459094499994535,0.043681151340580836
42,3,3,add_k,16812,"{""k"": 0.001}",8.03926219246562,3127.236464397607,8.047904974809077,102538,1.3530145000258926,0.043681151340580836
42,3,3,interpolation,16812,"{""weights"": [0.3333333333333333, 0.3333333333333333, 0.3333333333333333]}",6.10482224059273,452.13581952971424,6.113982620380658,102538,2.692901200003689,0.043681151340580836
42,3,3,stupid_backoff,16812,{},6.000645655776563,,6.012244094907121,102538,0.6633676000055857,0.043681151340580836
42,3,3,kneser_ney,16812,"{""discount"": 0.9}",5.674008314712352,295.5012512952846,5.688673071338997,102538,2.267442900018068,0.043681151340580836
42,3,4,laplace,16812,{},9.330488980815138,11275.31933261741,9.330371486153176,102538,0.39414509999915026,0.043681151340580836
42,3,4,add_k,16812,"{""k"": 0.001}",8.908266474986942,7527.390101949393,8.926303660707553,102538,1.11399579999852,0.043681151340580836
42,3,4,interpolation,16812,"{""weights"": [0.25, 0.25, 0.25, 0.25]}",6.2519342054300315,524.2628927975005,6.261993262321787,102538,2.9800220000033733,0.043681151340580836
42,3,4,stupid_backoff,16812,{},6.711890776469126,,6.72668111146558,102538,0.7379744999925606,0.043681151340580836
42,3,4,kneser_ney,16812,"{""discount"": 0.9}",5.66566609224367,293.19838599311396,5.680849465198961,102538,2.9939440000161994,0.043681151340580836
43,2,1,laplace,22293,{},6.7237109756092694,844.6302375500061,6.738898942889082,102533,0.03496109999832697,0.032625753696208806
43,2,1,add_k,22293,"{""k"": 0.001}",6.718802877747989,840.648576409348,6.7341737086831275,102533,0.10639120000996627,0.032625753696208806
43,2,1,interpolation,22293,{},6.718830304934738,840.6702199789572,6.734199454626915,102533,0.05636210000375286,0.032625753696208806
43,2,1,stupid_backoff,22293,{},6.718799854260015,,6.734170871985393,102533,0.045329000015044585,0.032625753696208806
43,2,1,kneser_ney,22293,"{""discount"": 0.5}",6.718799854260015,840.6461917468181,6.734170871985393,102533,0.07403439999325201,0.032625753696208806
43,2,2,laplace,22293,{},7.858679901511206,2631.7633627660593,7.875409380639607,102533,0.26337010000133887,0.032625753696208806
43,2,2,add_k,22293,"{""k"": 0.01}",6.609539145886727,756.5964613684181,6.628830035170305,102533,0.7758910999982618,0.032625753696208806
43,2,2,interpolation,22293,"{""weights"": [0.3, 0.7]}",6.160506083878689,483.2440224344239,6.180521748502209,102533,1.1034845000249334,0.032625753696208806
43,2,2,stupid_backoff,22293,{},5.793358818530917,,5.8130843223881286,102533,0.3745030999998562,0.032625753696208806
43,2,2,kneser_ney,22293,"{""discount"": 0.75}",5.866256422237807,359.96230902980864,5.885999328829607,102533,1.220095999975456,0.032625753696208806
43,2,3,laplace,22293,{},9.295478409581673,10894.593183072271,9.296021906899313,102533,0.43281229998683557,0.032625753696208806
43,2,3,add_k,22293,"{""k"": 0.001}",8.305664648970536,4068.1083639602243,8.31093339495531,102533,1.2097364999935962,0.032625753696208806
43,2,3,interpolation,22293,"{""weights"": [0.3333333333333333, 0.3333333333333333, 0.3333333333333333]}",6.263263485132162,533.6320437319962,6.279706544769874,102533,2.2616194000001997,0.032625753696208806
43,2,3,stupid_backoff,22293,{},6.131567490298299,,6.1510240238022655,102533,0.6105381000088528,0.032625753696208806
43,2,3,kneser_ney,22293,"{""discount"": 0.9}",5.775384829624158,328.1364840011595,5.793429631594119,102533,2.3903737999789882,0.032625753696208806
43,2,4,laplace,22293,{},9.617504723659993,14977.993444425605,9.614337299128993,102533,0.42032279999693856,0.032625753696208806
43,2,4,add_k,22293,"{""k"": 0.001}",9.194870338396324,9807.629653080587,9.190915897785324,102533,1.1198736999940593,0.032625753696208806
43,2,4,interpolation,22293,"{""weights"": [0.7, 0.09999999999999999, 0.09999999999999999, 0.09999999999999999]}",6.394988949755389,608.5149907285944,6.4110215476682475,102533,3.4522521999897435,0.032625753696208806
43,2,4,stupid_backoff,22293,{},6.854591914358463,,6.871993846805166,102533,0.8401367000187747,0.032625753696208806
43,2,4,kneser_ney,22293,"{""discount"": 0.9}",5.766951742297258,325.4049356631236,5.785070362657377,102533,3.376568600011524,0.032625753696208806
43,3,1,laplace,16755,{},6.596293405204746,747.717607502677,6.6170253766154215,102533,0.046109699993394315,0.044075741306682084
43,3,1,add_k,16755,"{""k"": 0.001}",6.593298061746404,745.7786447769465,6.614428833353728,102533,0.11605939999572001,0.044075741306682084
43,3,1,interpolation,16755,{},6.593316418190157,745.7892962957416,6.614443115664982,102533,0.057056100020417944,0.044075741306682084
43,3,1,stupid_backoff,16755,{},6.59329603354176,,6.614427258477314,102533,0.03972500000963919,0.044075741306682084
43,3,1,kneser_ney,16755,"{""discount"": 0.5}",6.59329603354176,745.7774702686736,6.614427258477314,102533,0.07448490001843311,0.044075741306682084
43,3,2,laplace,16755,{},7.52536233376163,1901.0494843688625,7.55016137285393,102533,0.2673837999755051,0.044075741306682084
43,3,2,add_k,16755,"{""k"": 0.01}",6.376754955766104,603.6128274940802,6.4029329783148,102533,0.8132930000138003,0.044075741306682084
43,3,2,interpolation,16755,"{""weights"": [0.3, 0.7]}",5.994490112551357,411.36284828875336,6.019475667571674,102533,1.0196351000049617,0.044075741306682084
43,3,2,stupid_backoff,16755,{},5.667741617584526,,5.691743049164348,102533,0.3508107000088785,0.044075741306682084
43,3,2,kneser_ney,16755,"{""discount"": 0.75}",5.745753972822797,320.6613565854889,5.770385602355774,102533,1.0630217999860179,0.044075741306682084
43,3,3,laplace,16755,{},8.96512464875956,7879.199884630374,8.97198164021319,102533,0.4295171000121627,0.044075741306682084
43,3,3,add_k,16755,"{""k"": 0.001}",8.02031867020984,3086.7487342789123,8.034873626398012,102533,1.2646131999790668,0.044075741306682084
43,3,3,interpolation,16755,"{""weights"": [0.3333333333333333, 0.3333333333333333, 0.3333333333333333]}",6.089503714221417,450.7356975723144,6.11088113129119,102533,2.4082828999962658,0.044075741306682084
43,3,3,stupid_backoff,16755,{},5.984825444103218,,6.009575755632328,102533,0.6100195999897551,0.044075741306682084
43,3,3,kneser_ney,16755,"{""discount"": 0.9}",5.657193962533708,293.0909393373149,5.680482934026178,102533,2.298097599996254,0.044075741306682084
43,3,4,laplace,16755,{},9.324888839441899,11198.602240045402,9.323544249499072,102533,0.44350729999132454,0.044075741306682084
43,3,4,add_k,16755,"{""k"": 0.001}",8.907341584489089,7389.227681558972,8.907778499896132,102533,1.1491176999988966,0.044075741306682084
43,3,4,interpolation,16755,"{""weights"": [0.25, 0.25, 0.25, 0.25]}",6.237851812718656,522.1123884345689,6.257882868222663,102533,3.130393700004788,0.044075741306682084
43,3,4,stupid_backoff,16755,{},6.697930992525755,,6.721065645628173,102533,0.9121236999926623,0.044075741306682084
43,3,4,kneser_ney,16755,"{""discount"": 0.9}",5.649833117699589,290.90870713036725,5.673009496749215,102533,3.542111099988688,0.044075741306682084
44,2,1,laplace,22306,{},6.742922506195455,854.19644169947,6.750161192745997,105279,0.040023300010943785,0.03316198469910243
44,2,1,add_k,22306,"{""k"": 0.001}",6.738417612785357,850.7082611554964,6.746069250943852,105279,0.10948290000669658,0.03316198469910243
44,2,1,interpolation,22306,{},6.738441129988285,850.7244982284578,6.746088337296659,105279,0.06821170001057908,0.03316198469910243
44,2,1,stupid_backoff,22306,{},6.738415024089524,,6.7460671555729865,105279,0.050003499985905364,0.03316198469910243
44,2,1,kneser_ney,22306,"{""discount"": 0.5}",6.738415024089524,850.7064786080587,6.7460671555729865,105279,0.08465119998436421,0.03316198469910243
44,2,2,laplace,22306,{},7.8698106364144165,2645.232055524649,7.88051407410174,105279,0.3498027000168804,0.03316198469910243
44,2,2,add_k,22306,"{""k"": 0.01}",6.623354729254368,763.5218139167962,6.637941695195924,105279,0.7823350999969989,0.03316198469910243
44,2,2,interpolation,22306,"{""weights"": [0.3, 0.7]}",6.178067739230494,488.2107015077099,6.190747078053946,105279,1.046956100006355,0.03316198469910243
44,2,2,stupid_backoff,22306,{},5.814541482182093,,5.829096952853532,105279,0.3500832999998238,0.03316198469910243
44,2,2,kneser_ney,22306,"{""discount"": 0.75}",5.8841236528213825,365.00249093390494,5.899904178035657,105279,0.9576371999864932,0.03316198469910243
44,2,3,laplace,22306,{},9.292532349859469,11037.730601198842,9.309074737214816,105279,0.428299799998058,0.03316198469910243
44,2,3,add_k,22306,"{""k"": 0.001}",8.308721158281386,4183.226646485157,8.338838152734384,105279,1.251999900006922,0.03316198469910243
44,2,3,interpolation,22306,"{""weights"": [0.3333333333333333, 0.3333333333333333, 0.3333333333333333]}",6.278029431491994,539.9752781420492,6.291523357291901,105279,2.297052200010512,0.03316198469910243
44,2,3,stupid_backoff,22306,{},6.148897684212699,,6.171938429227298,105279,0.6101736999989953,0.03316198469910243
44,2,3,kneser_ney,22306,"{""discount"": 0.9}",5.789978362677441,334.01872666638536,5.811197059268386,105279,2.537845599988941,0.03316198469910243
44,2,4,laplace,22306,{},9.609501862254946,15139.063822214808,9.625033690351378,105279,0.4290784999902826,0.03316198469910243
44,2,4,add_k,22306,"{""k"": 0.001}",9.181977725736175,10005.928340634324,9.210933030382922,105279,1.1293422000017017,0.03316198469910243
44,2,4,interpolation,22306,"{""weights"": [0.7, 0.09999999999999999, 0.09999999999999999, 0.09999999999999999]}",6.410427354105738,615.4793627930225,6.422401415887775,105279,3.355732900003204,0.03316198469910243
44,2,4,stupid_backoff,22306,{},6.868357586572967,,6.898419402166773,105279,0.848475500009954,0.03316198469910243
44,2,4,kneser_ney,22306,"{""discount"": 0.9}",5.780613807437348,331.1830636718851,5.802671284947216,105279,3.084149299975252,0.03316198469910243
44,3,1,laplace,16734,{},6.616411021913084,748.8417993567812,6.618527745395977,105279,0.049843600019812584,0.04568181361820044
44,3,1,add_k,16734,"{""k"": 0.001}",6.6138665767452265,747.0887088508225,6.616183931563871,105279,0.09694950000266545,0.04568181361820044
44,3,1,interpolation,16734,{},6.613880562962567,747.0976053999401,6.616195839783124,105279,0.058898899995256215,0.04568181361820044
44,3,1,stupid_backoff,16734,{},6.613865034513463,,6.6161826205787175,105279,0.04312799999024719,0.04568181361820044
44,3,1,kneser_ney,16734,"{""discount"": 0.5}",6.613865034513463,747.087729429259,6.6161826205787175,105279,0.06887889999779873,0.04568181361820044
44,3,2,laplace,16734,{},7.537522248767272,1890.1628682032124,7.544418277993445,105279,0.3686211999738589,0.04568181361820044
44,3,2,add_k,16734,"{""k"": 0.01}",6.38851364190064,600.6627843763629,6.398033686176894,105279,0.8012460999889299,0.04568181361820044
44,3,2,interpolation,16734,"{""weights"": [0.3, 0.7]}",6.0104394019285285,410.75275429787854,6.0179914624283795,105279,1.0848394999920856,0.04568181361820044
44,3,2,stupid_backoff,16734,{},5.685660383277137,,5.693635469317837,105279,0.38506450000568293,0.04568181361820044
44,3,2,kneser_ney,16734,"{""discount"": 0.75}",5.7614327244996115,321.0615938018676,5.771632985725914,105279,1.047585499996785,0.04568181361820044
44,3,3,laplace,16734,{},8.962833103302735,7924.086693835187,8.977662348424316,105279,0.4149646000005305,0.04568181361820044
44,3,3,add_k,16734,"{""k"": 0.001}",8.023256815935436,3141.2138349831052,8.0523645758534,105279,1.2223946999874897,0.04568181361820044
44,3,3,interpolation,16734,"{""weights"": [0.3333333333333333, 0.3333333333333333, 0.3333333333333333]}",6.102471554959627,451.2489367908748,6.112019153502209,105279,2.3331471999990754,0.04568181361820044
44,3,3,stupid_backoff,16734,{},5.99868969462302,,6.015118970879148,105279,0.6204837999830488,0.04568181361820044
44,3,3,kneser_ney,16734,"{""discount"": 0.9}",5.669792723482894,294.7945590297298,5.686278703664973,105279,2.3398246999713592,0.04568181361820044
44,3,4,laplace,16734,{},9.31561507769392,11269.454995071806,9.329851246953384,105279,0.5005646999925375,0.04568181361820044
44,3,4,add_k,16734,"{""k"": 0.001}",8.892676520901984,7478.3737766548575,8.919770637793523,105279,1.1699502000119537,0.04568181361820044
44,3,4,interpolation,16734,"{""weights"": [0.25, 0.25, 0.25, 0.25]}",6.24851591555135,522.9920066751108,6.259566180344133,105279,3.253385599993635,0.04568181361820044
44,3,4,stupid_backoff,16734,{},6.708525944494342,,6.7315960451808206,105279,0.886400399991544,0.04568181361820044
44,3,4,kneser_ney,16734,"{""discount"": 0.9}",5.661229892536447,292.57018348507347,5.678704581428777,105279,3.306082900002366,0.04568181361820044
