min_count,n,method,pp_mean,pp_std,loss_mean,loss_std,seeds
2,1,add_k,845.5475501911645,5.034947275047301,6.739972590013579,0.005953359214487459,3
2,1,interpolation,845.566845967391,5.0322190747073865,6.739995423534396,0.005950001257883959,3
2,1,kneser_ney,845.5454269738425,5.035251116470622,6.7399700774699385,0.00595373301985828,3
2,1,laplace,849.3134799379737,4.786228298820212,6.744417768855928,0.005634483217672602,3
2,1,stupid_backoff,,,6.7399700774699385,0.00595373301985828,3
2,2,add_k,758.7466205391856,4.142249439634748,6.63165797403206,0.005450909153094257,3
2,2,interpolation,484.75978832660934,2.9959258212781497,6.183640784083997,0.006169522931384389,3
2,2,kneser_ney,361.61885923723986,2.9305232057493713,5.89056895858477,0.008085130903190513,3
2,2,laplace,2640.8088851522607,7.834285210599927,7.878837608123503,0.002969170779041899,3
2,2,stupid_backoff,,,5.817967906205401,0.009662061792604136,3
2,3,add_k,4120.837300369111,58.16396977214671,8.323745387427705,0.014091498153795326,3
2,3,interpolation,536.2950544084582,3.291686117769393,6.2846719479271576,0.006130010530669185,3
2,3,kneser_ney,330.9532890560832,2.9489927609009934,5.801950797163694,0.008905879814987729,3
2,3,laplace,10973.037632070844,72.55279123478496,9.303181828101636,0.006618012128793057,3
2,3,stupid_backoff,,,6.158566131890275,0.011612339065845195,3
2,4,add_k,9925.501704133432,104.317839675721,9.202825710142934,0.010536394501246571,3
2,4,interpolation,611.5768551342709,3.5574752806101206,6.416029365907538,0.00581129902480508,3
2,4,kneser_ney,328.1203100847489,2.904685014744621,5.793354244155619,0.00884582839293871,3
2,4,laplace,15061.858477105328,80.74144059396728,9.61991131537286,0.005362479013479042,3
2,4,stupid_backoff,,,6.881982572114815,0.014344372942662467,3
3,1,add_k,747.3734092939268,1.7545251128309938,6.61656310242729,0.0023469400651529738,3
3,1,interpolation,747.3830876780554,1.7540439835191344,6.616576053263905,0.0023462644183118407,3
3,1,kneser_ney,747.3723429910765,1.7545786634984213,6.616561675575009,0.00234701523263053,3
3,1,laplace,749.2117770724458,1.7094547837102465,6.61901995544859,0.002280869836276851,3
3,1,stupid_backoff,,,6.616561675575009,0.00234701523263053,3
3,2,add_k,602.7182310469237,1.7850402040236966,6.401446881937399,0.002964127171259966,3
3,2,interpolation,411.10465049818316,0.3156552128754491,6.018847609610397,0.0007679418899298006,3
3,2,kneser_ney,320.7162522898413,0.32142889219880244,5.770556448202801,0.0010020974888308,3
3,2,laplace,1900.7498842791163,10.44044053853716,7.549993704537545,0.005493511757628038,3
3,2,stupid_backoff,,,5.691708701219142,0.0019441696460358764,3
3,3,add_k,3118.3996778865417,28.28742468944613,8.04504772568683,0.009088797094372079,3
3,3,interpolation,451.3734846309678,0.7083216058064125,6.112294301724686,0.001568945044056636,3
3,3,kneser_ney,294.4622498874431,1.2390411446834193,5.685144903010049,0.004211141798198523,3
3,3,laplace,7917.230056045099,35.10766738380706,8.976790123263582,0.004437139402294155,3
3,3,stupid_backoff,,,6.012312940472866,0.0027722488348065817,3
3,4,add_k,7464.997186721074,70.04579552498001,8.91795093279907,0.009395684672890241,3
3,4,interpolation,523.1224293023934,1.081168257038451,6.259814103629528,0.002066381953828645,3
3,4,kneser_ney,292.2257588695182,1.1830589843611246,5.677521181125651,0.004051740802585544,3
3,4,laplace,11247.792189244872,42.70053794037086,9.32792232753521,0.0038004391422753296,3
3,4,stupid_backoff,,,6.726447600758192,0.005269081905080587,3
